// Combined badge texture actors (formerly actors/b0 .. actors/b23)
// Shared geometry / material revert across all badges.

Vtx badge_textures_mesh_vtx_0[4] = {
	{{{-16, 16, 0},0, {-16, -16},{0x0, 0x0, 0x7F, 0xFF}}},
	{{{-16, -16, 0},0, {-16, 1008},{0x0, 0x0, 0x7F, 0xFF}}},
	{{{16, -16, 0},0, {1008, 1008},{0x0, 0x0, 0x7F, 0xFF}}},
	{{{16, 16, 0},0, {1008, -16},{0x0, 0x0, 0x7F, 0xFF}}},
};

Gfx badge_textures_mesh_tri_0[] = {
	gsSPVertex(badge_textures_mesh_vtx_0 + 0, 4, 0),
	gsSP1Triangle(0, 1, 2, 0),
	gsSP1Triangle(0, 2, 3, 0),
	gsSPEndDisplayList(),
};

Gfx badge_textures_mat_revert[] = {
	gsDPPipeSync(),
	gsSPSetGeometryMode(G_CULL_BACK),
	gsDPSetTextureLUT(G_TT_NONE),
	gsSPEndDisplayList(),
};

// ---- b0 ----
Gfx b0_b0_ci8_aligner[] = {gsSPEndDisplayList()};
u8 b0_b0_ci8[] = {
	0x00, 0x00, 0x00, 0x00, 0x00, 0x00, 0x00, 0x01, 
	0x01, 0x01, 0x01, 0x01, 0x02, 0x02, 0x02, 0x02, 
	0x02, 0x02, 0x02, 0x02, 0x01, 0x01, 0x01, 0x01, 
	0x01, 0x00, 0x00, 0x00, 0x00, 0x00, 0x00, 0x00, 
	0x00, 0x00, 0x00, 0x00, 0x00, 0x01, 0x01, 0x01, 
	0x01, 0x02, 0x02, 0x02, 0x02, 0x02, 0x02, 0x02, 
	0x02, 0x02, 0x02, 0x02, 0x02, 0x02, 0x02, 0x01, 
	0x01, 0x01, 0x01, 0x00, 0x00, 0x00, 0x00, 0x00, 
	0x00, 0x00, 0x00, 0x00, 0x01, 0x01, 0x01, 0x02, 
	0x02, 0x02, 0x02, 0x02, 0x03, 0x04, 0x05, 0x06, 
	0x06, 0x05, 0x04, 0x03, 0x02, 0x02, 0x02, 0x02, 
	0x02, 0x01, 0x01, 0x01, 0x00, 0x00, 0x00, 0x00, 
	0x00, 0x00, 0x00, 0x01, 0x01, 0x01, 0x02, 0x02, 
	0x02, 0x07, 0x08, 0x09, 0x0a, 0x0a, 0x0a, 0x0a, 
	0x0a, 0x0a, 0x0a, 0x0a, 0x09, 0x08, 0x02, 0x02, 
	0x02, 0x02, 0x01, 0x01, 0x01, 0x00, 0x00, 0x00, 
	0x00, 0x00, 0x01, 0x01, 0x01, 0x02, 0x02, 0x02, 
	0x04, 0x0b, 0x0a, 0x0a, 0x0a, 0x0a, 0x0a, 0x0a, 
	0x0a, 0x0a, 0x0a, 0x0a, 0x0a, 0x0a, 0x0c, 0x04, 
	0x02, 0x02, 0x02, 0x01, 0x01, 0x01, 0x00, 0x00, 
	0x00, 0x01, 0x01, 0x01, 0x02, 0x02, 0x02, 0x0d, 
	0x0a, 0x0a, 0x0a, 0x0a, 0x0a, 0x0a, 0x0a, 0x0a, 
	0x0a, 0x0a, 0x0a, 0x0a, 0x0a, 0x0a, 0x0a, 0x0a, 
	0x0d, 0x02, 0x02, 0x02, 0x01, 0x01, 0x0e, 0x00, 
	0x00, 0x01, 0x01, 0x02, 0x02, 0x02, 0x0f, 0x0a, 
	0x0a, 0x0a, 0x0a, 0x0a, 0x0a, 0x0a, 0x10, 0x11, 
	0x12, 0x0a, 0x0a, 0x0a, 0x0a, 0x0a, 0x0a, 0x0a, 
	0x0a, 0x0f, 0x02, 0x02, 0x13, 0x0e, 0x0e, 0x00, 
	0x01, 0x01, 0x02, 0x02, 0x02, 0x0d, 0x0a, 0x0a, 
	0x0a, 0x0a, 0x0a, 0x0a, 0x0a, 0x0a, 0x14, 0x02, 
	0x07, 0x0d, 0x0a, 0x0a, 0x0a, 0x0a, 0x0a, 0x0a, 
	0x0a, 0x0a, 0x0d, 0x02, 0x13, 0x13, 0x0e, 0x0e, 
	0x01, 0x01, 0x02, 0x02, 0x04, 0x0a, 0x0a, 0x0a, 
	0x0a, 0x0a, 0x0a, 0x0a, 0x0a, 0x0a, 0x15, 0x02, 
	0x02, 0x02, 0x05, 0x0a, 0x0a, 0x0a, 0x0a, 0x0a, 
	0x0a, 0x0a, 0x0a, 0x04, 0x13, 0x13, 0x0e, 0x0e, 
	0x01, 0x02, 0x02, 0x07, 0x0b, 0x0a, 0x0a, 0x0a, 
	0x0a, 0x0a, 0x0a, 0x0a, 0x0a, 0x0a, 0x0b, 0x02, 
	0x02, 0x02, 0x02, 0x16, 0x0a, 0x0a, 0x0a, 0x0a, 
	0x0a, 0x0a, 0x0a, 0x0c, 0x02, 0x13, 0x13, 0x0e, 
	0x01, 0x02, 0x02, 0x08, 0x0a, 0x0a, 0x0a, 0x0a, 
	0x0a, 0x0a, 0x0a, 0x0a, 0x0a, 0x0a, 0x12, 0x02, 
	0x02, 0x02, 0x02, 0x03, 0x17, 0x0a, 0x0a, 0x0a, 
	0x0a, 0x0a, 0x0a, 0x0a, 0x08, 0x13, 0x13, 0x0e, 
	0x01, 0x02, 0x02, 0x18, 0x0a, 0x0a, 0x0a, 0x0a, 
	0x0a, 0x0a, 0x0a, 0x17, 0x19, 0x1a, 0x1b, 0x02, 
	0x02, 0x02, 0x02, 0x02, 0x16, 0x0a, 0x0a, 0x0a, 
	0x0a, 0x0a, 0x0a, 0x0a, 0x09, 0x02, 0x13, 0x0e, 
	0x02, 0x02, 0x1c, 0x0a, 0x0a, 0x0a, 0x0a, 0x0a, 
	0x0a, 0x0a, 0x0a, 0x10, 0x02, 0x14, 0x06, 0x02, 
	0x02, 0x02, 0x02, 0x02, 0x1d, 0x0a, 0x0a, 0x0a, 
	0x0a, 0x0a, 0x0a, 0x0a, 0x0a, 0x03, 0x13, 0x13, 
	0x02, 0x02, 0x04, 0x0a, 0x0a, 0x0a, 0x0a, 0x0a, 
	0x0a, 0x0a, 0x06, 0x02, 0x02, 0x03, 0x1c, 0x02, 
	0x02, 0x02, 0x02, 0x02, 0x1e, 0x0a, 0x1a, 0x0a, 
	0x0a, 0x0a, 0x0a, 0x0a, 0x0a, 0x04, 0x13, 0x13, 
	0x02, 0x02, 0x05, 0x0a, 0x0a, 0x0a, 0x0a, 0x0a, 
	0x0a, 0x0b, 0x07, 0x02, 0x02, 0x02, 0x02, 0x02, 
	0x02, 0x02, 0x02, 0x02, 0x1e, 0x1b, 0x07, 0x12, 
	0x0a, 0x0a, 0x0a, 0x0a, 0x0a, 0x1f, 0x13, 0x13, 
	0x02, 0x02, 0x0d, 0x0a, 0x0a, 0x0a, 0x0a, 0x0a, 
	0x0a, 0x1d, 0x02, 0x02, 0x02, 0x02, 0x02, 0x02, 
	0x02, 0x02, 0x02, 0x02, 0x03, 0x07, 0x02, 0x15, 
	0x0a, 0x0a, 0x0a, 0x0a, 0x0a, 0x20, 0x13, 0x13, 
	0x02, 0x02, 0x0d, 0x0a, 0x0a, 0x0a, 0x0a, 0x0a, 
	0x0a, 0x07, 0x02, 0x02, 0x02, 0x02, 0x02, 0x02, 
	0x02, 0x02, 0x02, 0x02, 0x02, 0x02, 0x02, 0x0d, 
	0x0a, 0x0a, 0x0a, 0x0a, 0x0a, 0x20, 0x13, 0x13, 
	0x02, 0x02, 0x05, 0x0a, 0x0a, 0x0a, 0x0a, 0x0a, 
	0x1b, 0x02, 0x02, 0x02, 0x02, 0x07, 0x07, 0x02, 
	0x02, 0x02, 0x02, 0x02, 0x02, 0x02, 0x02, 0x06, 
	0x0a, 0x0a, 0x0a, 0x0a, 0x0a, 0x1f, 0x13, 0x13, 
	0x02, 0x02, 0x04, 0x0a, 0x0a, 0x0a, 0x0a, 0x0a, 
	0x0d, 0x02, 0x02, 0x02, 0x07, 0x15, 0x02, 0x02, 
	0x02, 0x02, 0x02, 0x02, 0x02, 0x02, 0x02, 0x0f, 
	0x0a, 0x0a, 0x0a, 0x0a, 0x0a, 0x04, 0x13, 0x13, 
	0x02, 0x02, 0x1c, 0x0a, 0x0a, 0x0a, 0x0a, 0x0a, 
	0x06, 0x02, 0x02, 0x02, 0x16, 0x16, 0x02, 0x02, 
	0x02, 0x02, 0x02, 0x02, 0x02, 0x02, 0x02, 0x0b, 
	0x0a, 0x0a, 0x0a, 0x0a, 0x0a, 0x03, 0x13, 0x13, 
	0x01, 0x02, 0x02, 0x18, 0x0a, 0x0a, 0x0a, 0x0a, 
	0x16, 0x02, 0x02, 0x03, 0x0a, 0x0f, 0x02, 0x02, 
	0x02, 0x02, 0x02, 0x02, 0x02, 0x02, 0x1e, 0x0a, 
	0x0a, 0x0a, 0x0a, 0x0a, 0x09, 0x02, 0x13, 0x0e, 
	0x01, 0x02, 0x02, 0x21, 0x0a, 0x0a, 0x0a, 0x0a, 
	0x18, 0x02, 0x02, 0x1e, 0x0a, 0x17, 0x1c, 0x02, 
	0x02, 0x22, 0x03, 0x02, 0x02, 0x02, 0x1a, 0x0a, 
	0x0a, 0x0a, 0x0a, 0x0a, 0x08, 0x13, 0x13, 0x0e, 
	0x01, 0x13, 0x13, 0x07, 0x0b, 0x0a, 0x0a, 0x0a, 
	0x0a, 0x1e, 0x13, 0x1e, 0x0a, 0x0a, 0x23, 0x0d, 
	0x16, 0x0b, 0x02, 0x13, 0x13, 0x14, 0x0a, 0x0a, 
	0x0a, 0x0a, 0x0a, 0x0c, 0x02, 0x13, 0x13, 0x0e, 
	0x0e, 0x0e, 0x13, 0x13, 0x04, 0x0a, 0x0a, 0x0a, 
	0x0a, 0x09, 0x07, 0x07, 0x17, 0x0a, 0x0a, 0x0a, 
	0x0a, 0x05, 0x13, 0x13, 0x22, 0x0a, 0x0a, 0x0a, 
	0x0a, 0x0a, 0x0a, 0x04, 0x13, 0x13, 0x0e, 0x0e, 
	0x0e, 0x0e, 0x13, 0x13, 0x02, 0x0d, 0x0a, 0x0a, 
	0x0a, 0x0a, 0x1b, 0x1c, 0x24, 0x0a, 0x0a, 0x0a, 
	0x18, 0x07, 0x02, 0x14, 0x0a, 0x0a, 0x0a, 0x0a, 
	0x0a, 0x0a, 0x0d, 0x13, 0x13, 0x13, 0x0e, 0x0e, 
	0x00, 0x0e, 0x0e, 0x13, 0x13, 0x02, 0x0f, 0x0a, 
	0x0a, 0x0a, 0x0a, 0x0a, 0x1a, 0x0a, 0x0a, 0x09, 
	0x04, 0x14, 0x18, 0x0a, 0x0a, 0x0a, 0x0a, 0x0a, 
	0x0a, 0x0f, 0x02, 0x13, 0x13, 0x0e, 0x0e, 0x00, 
	0x00, 0x0e, 0x0e, 0x0e, 0x13, 0x13, 0x02, 0x0d, 
	0x0a, 0x0a, 0x0a, 0x0a, 0x0a, 0x0a, 0x0a, 0x0a, 
	0x0a, 0x0a, 0x0a, 0x0a, 0x0a, 0x0a, 0x0a, 0x0a, 
	0x0d, 0x02, 0x13, 0x13, 0x0e, 0x0e, 0x0e, 0x00, 
	0x00, 0x00, 0x0e, 0x0e, 0x0e, 0x13, 0x13, 0x13, 
	0x04, 0x0b, 0x0a, 0x0a, 0x0a, 0x0a, 0x0a, 0x0a, 
	0x0a, 0x0a, 0x0a, 0x0a, 0x0a, 0x0a, 0x0c, 0x04, 
	0x13, 0x13, 0x13, 0x0e, 0x0e, 0x0e, 0x00, 0x00, 
	0x00, 0x00, 0x00, 0x0e, 0x0e, 0x0e, 0x13, 0x13, 
	0x13, 0x02, 0x08, 0x09, 0x0a, 0x0a, 0x0a, 0x0a, 
	0x0a, 0x0a, 0x0a, 0x0a, 0x09, 0x08, 0x02, 0x13, 
	0x13, 0x13, 0x0e, 0x0e, 0x0e, 0x00, 0x00, 0x00, 
	0x00, 0x00, 0x00, 0x00, 0x0e, 0x0e, 0x0e, 0x13, 
	0x13, 0x13, 0x13, 0x02, 0x03, 0x04, 0x1f, 0x20, 
	0x20, 0x1f, 0x04, 0x03, 0x02, 0x13, 0x13, 0x13, 
	0x13, 0x0e, 0x0e, 0x0e, 0x00, 0x00, 0x00, 0x00, 
	0x00, 0x00, 0x00, 0x00, 0x00, 0x0e, 0x0e, 0x0e, 
	0x0e, 0x13, 0x13, 0x13, 0x13, 0x13, 0x13, 0x13, 
	0x13, 0x13, 0x13, 0x13, 0x13, 0x13, 0x13, 0x0e, 
	0x0e, 0x0e, 0x0e, 0x00, 0x00, 0x00, 0x00, 0x00, 
	0x00, 0x00, 0x00, 0x00, 0x00, 0x00, 0x00, 0x0e, 
	0x0e, 0x0e, 0x0e, 0x0e, 0x13, 0x13, 0x13, 0x13, 
	0x13, 0x13, 0x13, 0x13, 0x0e, 0x0e, 0x0e, 0x0e, 
	0x0e, 0x00, 0x00, 0x00, 0x00, 0x00, 0x00, 0x00, 
	
};

Gfx b0_b0_ci8_pal_rgba16_aligner[] = {gsSPEndDisplayList()};
u8 b0_b0_ci8_pal_rgba16[] = {
	0x00, 0x00, 0xe1, 0x08, 0xe1, 0x09, 0xd1, 0x09, 
	0xb1, 0x09, 0x98, 0xc9, 0x90, 0xc7, 0xd9, 0x09, 
	0xa9, 0x09, 0x58, 0xc7, 0x18, 0xc7, 0x40, 0xc7, 
	0x48, 0xc7, 0x88, 0xc7, 0xe9, 0x08, 0x78, 0xc7, 
	0xb0, 0xc9, 0x98, 0xc7, 0x38, 0xc7, 0xe9, 0x09, 
	0xa0, 0xc9, 0x70, 0xc7, 0x80, 0xc7, 0x20, 0xc7, 
	0x50, 0xc7, 0xb8, 0xc9, 0x68, 0xc7, 0x60, 0xc7, 
	0xc9, 0x09, 0xa8, 0xc9, 0xc1, 0x09, 0x99, 0x09, 
	0x90, 0xc9, 0xa1, 0x09, 0xb9, 0x09, 0x30, 0xc7, 
	0x88, 0xc9, 
};

Gfx mat_b0_f3d_material[] = {
	gsDPPipeSync(),
	gsDPSetCombineLERP(0, 0, 0, TEXEL0, 0, 0, 0, TEXEL0, 0, 0, 0, TEXEL0, 0, 0, 0, TEXEL0),
	gsSPClearGeometryMode(G_CULL_BACK),
	gsSPSetGeometryMode(G_LIGHTING),
	gsSPTexture(65535, 65535, 0, 0, 1),
	gsDPSetTextureLUT(G_TT_RGBA16),
	gsDPSetTextureImage(G_IM_FMT_RGBA, G_IM_SIZ_16b, 1, b0_b0_ci8_pal_rgba16),
	gsDPTileSync(),
	gsDPSetTile(0, 0, 0, 256, 7, 0, G_TX_WRAP | G_TX_NOMIRROR, 0, 0, G_TX_WRAP | G_TX_NOMIRROR, 0, 0),
	gsDPLoadSync(),
	gsDPLoadTLUTCmd(7, 36),
	gsDPPipeSync(),
	gsDPTileSync(),
	gsDPSetTextureImage(G_IM_FMT_CI, G_IM_SIZ_8b_LOAD_BLOCK, 1, b0_b0_ci8),
	gsDPSetTile(G_IM_FMT_CI, G_IM_SIZ_8b_LOAD_BLOCK, 0, 0, 7, 0, G_TX_CLAMP | G_TX_NOMIRROR, 5, 0, G_TX_CLAMP | G_TX_NOMIRROR, 5, 0),
	gsDPLoadSync(),
	gsDPLoadBlock(7, 0, 0, 511, 512),
	gsDPPipeSync(),
	gsDPSetTile(G_IM_FMT_CI, G_IM_SIZ_8b, 4, 0, 0, 0, G_TX_CLAMP | G_TX_NOMIRROR, 5, 0, G_TX_CLAMP | G_TX_NOMIRROR, 5, 0),
	gsDPSetTileSize(0, 0, 0, 124, 124),
    gsSPLightColor(LIGHT_1, 0xfefefeff),
    gsSPLightColor(LIGHT_2, 0x7f7f7fff),
	gsSPEndDisplayList(),
};

Gfx b0_Plane_001_mesh[] = {
	gsSPDisplayList(mat_b0_f3d_material),
	gsSPDisplayList(badge_textures_mesh_tri_0),
	gsSPDisplayList(badge_textures_mat_revert),
	gsDPPipeSync(),
	gsSPSetGeometryMode(G_LIGHTING),
	gsSPClearGeometryMode(G_TEXTURE_GEN),
	gsDPSetCombineLERP(0, 0, 0, SHADE, 0, 0, 0, ENVIRONMENT, 0, 0, 0, SHADE, 0, 0, 0, ENVIRONMENT),
	gsSPTexture(65535, 65535, 0, 0, 0),
	gsSPEndDisplayList(),
};

// ---- b1 ----
Gfx b1_b1_ci8_aligner[] = {gsSPEndDisplayList()};
u8 b1_b1_ci8[] = {
	0x00, 0x00, 0x00, 0x00, 0x00, 0x00, 0x00, 0x01, 
	0x01, 0x01, 0x01, 0x01, 0x02, 0x02, 0x02, 0x02, 
	0x02, 0x02, 0x02, 0x02, 0x01, 0x01, 0x01, 0x01, 
	0x01, 0x00, 0x00, 0x00, 0x00, 0x00, 0x00, 0x00, 
	0x00, 0x00, 0x00, 0x00, 0x00, 0x01, 0x01, 0x01, 
	0x01, 0x02, 0x02, 0x02, 0x02, 0x02, 0x02, 0x02, 
	0x02, 0x02, 0x02, 0x02, 0x02, 0x02, 0x02, 0x01, 
	0x01, 0x01, 0x01, 0x00, 0x00, 0x00, 0x00, 0x00, 
	0x00, 0x00, 0x00, 0x00, 0x01, 0x01, 0x01, 0x02, 
	0x02, 0x02, 0x02, 0x02, 0x03, 0x04, 0x05, 0x06, 
	0x06, 0x05, 0x04, 0x03, 0x02, 0x02, 0x02, 0x02, 
	0x02, 0x01, 0x01, 0x01, 0x00, 0x00, 0x00, 0x00, 
	0x00, 0x00, 0x00, 0x01, 0x01, 0x01, 0x02, 0x02, 
	0x02, 0x07, 0x08, 0x09, 0x0a, 0x0a, 0x0a, 0x0a, 
	0x0a, 0x0a, 0x0a, 0x0a, 0x09, 0x08, 0x07, 0x02, 
	0x02, 0x02, 0x01, 0x01, 0x01, 0x00, 0x00, 0x00, 
	0x00, 0x00, 0x01, 0x01, 0x01, 0x02, 0x02, 0x02, 
	0x04, 0x0b, 0x0a, 0x0a, 0x0a, 0x0a, 0x0a, 0x0a, 
	0x0a, 0x0a, 0x0a, 0x0a, 0x0a, 0x0a, 0x0b, 0x04, 
	0x02, 0x02, 0x02, 0x01, 0x01, 0x01, 0x00, 0x00, 
	0x00, 0x01, 0x01, 0x01, 0x02, 0x02, 0x07, 0x0c, 
	0x0a, 0x0a, 0x0a, 0x0a, 0x0a, 0x0a, 0x0a, 0x0a, 
	0x0a, 0x0a, 0x0a, 0x0a, 0x0a, 0x0a, 0x0a, 0x0a, 
	0x0c, 0x07, 0x02, 0x02, 0x01, 0x01, 0x01, 0x00, 
	0x00, 0x01, 0x01, 0x02, 0x02, 0x07, 0x0d, 0x0a, 
	0x0a, 0x0a, 0x0a, 0x0a, 0x0a, 0x0a, 0x0a, 0x0a, 
	0x0a, 0x0a, 0x0a, 0x0a, 0x0a, 0x0a, 0x0a, 0x0a, 
	0x0a, 0x0d, 0x07, 0x02, 0x02, 0x01, 0x01, 0x00, 
	0x01, 0x01, 0x02, 0x02, 0x02, 0x0c, 0x0a, 0x0a, 
	0x0a, 0x0a, 0x0a, 0x0a, 0x0a, 0x0a, 0x0a, 0x0b, 
	0x0e, 0x0f, 0x06, 0x06, 0x0c, 0x0e, 0x10, 0x0a, 
	0x0a, 0x0a, 0x0c, 0x02, 0x02, 0x02, 0x01, 0x01, 
	0x01, 0x01, 0x02, 0x02, 0x04, 0x0a, 0x0a, 0x0a, 
	0x0a, 0x0a, 0x0a, 0x0a, 0x10, 0x08, 0x03, 0x11, 
	0x12, 0x04, 0x08, 0x08, 0x04, 0x12, 0x11, 0x12, 
	0x09, 0x0a, 0x0a, 0x04, 0x02, 0x02, 0x01, 0x01, 
	0x01, 0x02, 0x02, 0x07, 0x0b, 0x0a, 0x0a, 0x0a, 
	0x0a, 0x0a, 0x0a, 0x0a, 0x08, 0x04, 0x13, 0x0a, 
	0x0a, 0x0a, 0x0a, 0x0a, 0x0a, 0x0a, 0x14, 0x06, 
	0x03, 0x10, 0x0a, 0x0b, 0x07, 0x02, 0x02, 0x01, 
	0x01, 0x02, 0x02, 0x15, 0x0a, 0x0a, 0x0a, 0x0a, 
	0x0a, 0x0a, 0x0a, 0x0a, 0x12, 0x0e, 0x0a, 0x0a, 
	0x0a, 0x0a, 0x0a, 0x0a, 0x0a, 0x0a, 0x0a, 0x0a, 
	0x12, 0x0d, 0x0a, 0x0a, 0x15, 0x02, 0x02, 0x01, 
	0x01, 0x02, 0x02, 0x09, 0x0a, 0x0a, 0x0a, 0x0a, 
	0x0a, 0x0f, 0x12, 0x11, 0x02, 0x11, 0x04, 0x06, 
	0x0d, 0x0e, 0x16, 0x16, 0x09, 0x14, 0x0a, 0x0a, 
	0x12, 0x0e, 0x0a, 0x0a, 0x09, 0x02, 0x02, 0x01, 
	0x02, 0x02, 0x03, 0x0a, 0x0a, 0x0a, 0x0a, 0x13, 
	0x03, 0x11, 0x04, 0x02, 0x02, 0x02, 0x02, 0x02, 
	0x02, 0x02, 0x02, 0x02, 0x02, 0x02, 0x03, 0x03, 
	0x03, 0x14, 0x0a, 0x0a, 0x0a, 0x03, 0x02, 0x02, 
	0x02, 0x02, 0x08, 0x0a, 0x0a, 0x0a, 0x14, 0x03, 
	0x03, 0x0b, 0x0a, 0x03, 0x02, 0x02, 0x02, 0x02, 
	0x02, 0x02, 0x02, 0x02, 0x02, 0x02, 0x02, 0x02, 
	0x0c, 0x0a, 0x0a, 0x0a, 0x0a, 0x08, 0x02, 0x02, 
	0x02, 0x02, 0x06, 0x0a, 0x0a, 0x0a, 0x0f, 0x02, 
	0x05, 0x0a, 0x0e, 0x02, 0x02, 0x02, 0x02, 0x02, 
	0x02, 0x02, 0x02, 0x02, 0x02, 0x02, 0x02, 0x02, 
	0x12, 0x0a, 0x0a, 0x0a, 0x0a, 0x06, 0x02, 0x02, 
	0x02, 0x02, 0x0f, 0x0a, 0x0a, 0x0a, 0x04, 0x02, 
	0x03, 0x04, 0x02, 0x02, 0x02, 0x02, 0x02, 0x02, 
	0x02, 0x02, 0x02, 0x02, 0x02, 0x02, 0x02, 0x02, 
	0x07, 0x0a, 0x0a, 0x0a, 0x0a, 0x0f, 0x02, 0x02, 
	0x02, 0x02, 0x0f, 0x0a, 0x0a, 0x0a, 0x04, 0x02, 
	0x02, 0x02, 0x02, 0x02, 0x02, 0x02, 0x02, 0x02, 
	0x02, 0x02, 0x02, 0x02, 0x02, 0x02, 0x02, 0x02, 
	0x02, 0x0a, 0x0a, 0x0a, 0x0a, 0x0f, 0x02, 0x02, 
	0x02, 0x02, 0x06, 0x0a, 0x0a, 0x0a, 0x08, 0x02, 
	0x02, 0x02, 0x02, 0x02, 0x02, 0x02, 0x02, 0x02, 
	0x02, 0x02, 0x02, 0x02, 0x02, 0x02, 0x02, 0x02, 
	0x11, 0x0a, 0x0a, 0x0a, 0x0a, 0x06, 0x02, 0x02, 
	0x02, 0x02, 0x08, 0x0a, 0x0a, 0x0a, 0x0d, 0x02, 
	0x02, 0x02, 0x02, 0x02, 0x02, 0x02, 0x02, 0x02, 
	0x02, 0x02, 0x02, 0x02, 0x02, 0x02, 0x02, 0x02, 
	0x04, 0x0a, 0x0a, 0x0a, 0x0a, 0x08, 0x02, 0x02, 
	0x02, 0x02, 0x03, 0x0a, 0x0a, 0x0a, 0x0a, 0x03, 
	0x02, 0x02, 0x02, 0x02, 0x02, 0x02, 0x02, 0x02, 
	0x02, 0x02, 0x02, 0x02, 0x02, 0x02, 0x02, 0x02, 
	0x17, 0x0a, 0x0a, 0x0a, 0x0a, 0x03, 0x02, 0x02, 
	0x01, 0x02, 0x02, 0x09, 0x0a, 0x0a, 0x0a, 0x16, 
	0x02, 0x02, 0x02, 0x02, 0x02, 0x02, 0x02, 0x02, 
	0x02, 0x02, 0x02, 0x02, 0x02, 0x02, 0x12, 0x07, 
	0x10, 0x0a, 0x0a, 0x0a, 0x13, 0x02, 0x02, 0x01, 
	0x01, 0x02, 0x02, 0x15, 0x0a, 0x0a, 0x0a, 0x14, 
	0x07, 0x06, 0x04, 0x03, 0x07, 0x02, 0x02, 0x02, 
	0x02, 0x11, 0x03, 0x04, 0x08, 0x13, 0x13, 0x11, 
	0x09, 0x0a, 0x0a, 0x0a, 0x15, 0x02, 0x02, 0x01, 
	0x01, 0x02, 0x02, 0x07, 0x0b, 0x0a, 0x0a, 0x0a, 
	0x03, 0x04, 0x0e, 0x0a, 0x0a, 0x14, 0x0b, 0x0b, 
	0x14, 0x14, 0x0d, 0x12, 0x02, 0x08, 0x11, 0x06, 
	0x0a, 0x0a, 0x0a, 0x0b, 0x07, 0x02, 0x02, 0x01, 
	0x01, 0x01, 0x02, 0x02, 0x04, 0x0a, 0x0a, 0x0a, 
	0x10, 0x06, 0x03, 0x11, 0x12, 0x08, 0x08, 0x04, 
	0x12, 0x11, 0x12, 0x0c, 0x08, 0x05, 0x13, 0x0a, 
	0x0a, 0x0a, 0x0a, 0x04, 0x02, 0x02, 0x01, 0x01, 
	0x01, 0x01, 0x02, 0x02, 0x02, 0x0c, 0x0a, 0x0a, 
	0x0a, 0x0a, 0x0a, 0x0b, 0x0d, 0x06, 0x06, 0x0f, 
	0x0e, 0x10, 0x0a, 0x0a, 0x0a, 0x0a, 0x0a, 0x0a, 
	0x0a, 0x0a, 0x0c, 0x02, 0x02, 0x02, 0x01, 0x01, 
	0x00, 0x01, 0x01, 0x02, 0x02, 0x07, 0x0d, 0x0a, 
	0x0a, 0x0a, 0x0a, 0x0a, 0x0a, 0x0a, 0x0a, 0x0a, 
	0x0a, 0x0a, 0x0a, 0x0a, 0x0a, 0x0a, 0x0a, 0x0a, 
	0x0a, 0x0e, 0x07, 0x02, 0x02, 0x01, 0x01, 0x00, 
	0x00, 0x01, 0x01, 0x01, 0x02, 0x02, 0x07, 0x0c, 
	0x0a, 0x0a, 0x0a, 0x0a, 0x0a, 0x0a, 0x0a, 0x0a, 
	0x0a, 0x0a, 0x0a, 0x0a, 0x0a, 0x0a, 0x0a, 0x0a, 
	0x0c, 0x07, 0x02, 0x02, 0x01, 0x01, 0x01, 0x00, 
	0x00, 0x00, 0x01, 0x01, 0x01, 0x02, 0x02, 0x02, 
	0x04, 0x0b, 0x0a, 0x0a, 0x0a, 0x0a, 0x0a, 0x0a, 
	0x0a, 0x0a, 0x0a, 0x0a, 0x0a, 0x0a, 0x0b, 0x04, 
	0x02, 0x02, 0x02, 0x01, 0x01, 0x01, 0x00, 0x00, 
	0x00, 0x00, 0x00, 0x01, 0x01, 0x01, 0x02, 0x02, 
	0x02, 0x07, 0x08, 0x09, 0x0a, 0x0a, 0x0a, 0x0a, 
	0x0a, 0x0a, 0x0a, 0x0a, 0x09, 0x15, 0x07, 0x02, 
	0x02, 0x02, 0x01, 0x01, 0x01, 0x00, 0x00, 0x00, 
	0x00, 0x00, 0x00, 0x00, 0x01, 0x01, 0x01, 0x02, 
	0x02, 0x02, 0x02, 0x02, 0x03, 0x08, 0x05, 0x06, 
	0x06, 0x05, 0x08, 0x03, 0x02, 0x02, 0x02, 0x02, 
	0x02, 0x01, 0x01, 0x01, 0x00, 0x00, 0x00, 0x00, 
	0x00, 0x00, 0x00, 0x00, 0x00, 0x01, 0x01, 0x01, 
	0x01, 0x02, 0x02, 0x02, 0x02, 0x02, 0x02, 0x02, 
	0x02, 0x02, 0x02, 0x02, 0x02, 0x02, 0x02, 0x01, 
	0x01, 0x01, 0x01, 0x00, 0x00, 0x00, 0x00, 0x00, 
	0x00, 0x00, 0x00, 0x00, 0x00, 0x00, 0x00, 0x01, 
	0x01, 0x01, 0x01, 0x01, 0x02, 0x02, 0x02, 0x02, 
	0x02, 0x02, 0x02, 0x02, 0x01, 0x01, 0x01, 0x01, 
	0x01, 0x00, 0x00, 0x00, 0x00, 0x00, 0x00, 0x00, 
	
};

Gfx b1_b1_ci8_pal_rgba16_aligner[] = {gsSPEndDisplayList()};
u8 b1_b1_ci8_pal_rgba16[] = {
	0x00, 0x00, 0xa2, 0x48, 0xa2, 0x49, 0x92, 0x09, 
	0x81, 0xc9, 0x71, 0x89, 0x69, 0x89, 0x9a, 0x49, 
	0x79, 0xc9, 0x41, 0x07, 0x18, 0xc7, 0x31, 0x07, 
	0x61, 0x87, 0x59, 0x47, 0x51, 0x47, 0x61, 0x89, 
	0x28, 0xc7, 0x9a, 0x09, 0x8a, 0x09, 0x39, 0x07, 
	0x20, 0xc7, 0x71, 0xc9, 0x49, 0x07, 0x49, 0x47, 
	
};

Gfx mat_b1_f3d_material[] = {
	gsDPPipeSync(),
	gsDPSetCombineLERP(0, 0, 0, TEXEL0, 0, 0, 0, TEXEL0, 0, 0, 0, TEXEL0, 0, 0, 0, TEXEL0),
	gsSPClearGeometryMode(G_CULL_BACK),
	gsSPSetGeometryMode(G_LIGHTING),
	gsSPTexture(65535, 65535, 0, 0, 1),
	gsDPSetTextureLUT(G_TT_RGBA16),
	gsDPSetTextureImage(G_IM_FMT_RGBA, G_IM_SIZ_16b, 1, b1_b1_ci8_pal_rgba16),
	gsDPTileSync(),
	gsDPSetTile(0, 0, 0, 256, 7, 0, G_TX_WRAP | G_TX_NOMIRROR, 0, 0, G_TX_WRAP | G_TX_NOMIRROR, 0, 0),
	gsDPLoadSync(),
	gsDPLoadTLUTCmd(7, 23),
	gsDPPipeSync(),
	gsDPTileSync(),
	gsDPSetTextureImage(G_IM_FMT_CI, G_IM_SIZ_8b_LOAD_BLOCK, 1, b1_b1_ci8),
	gsDPSetTile(G_IM_FMT_CI, G_IM_SIZ_8b_LOAD_BLOCK, 0, 0, 7, 0, G_TX_CLAMP | G_TX_NOMIRROR, 5, 0, G_TX_CLAMP | G_TX_NOMIRROR, 5, 0),
	gsDPLoadSync(),
	gsDPLoadBlock(7, 0, 0, 511, 512),
	gsDPPipeSync(),
	gsDPSetTile(G_IM_FMT_CI, G_IM_SIZ_8b, 4, 0, 0, 0, G_TX_CLAMP | G_TX_NOMIRROR, 5, 0, G_TX_CLAMP | G_TX_NOMIRROR, 5, 0),
	gsDPSetTileSize(0, 0, 0, 124, 124),
    gsSPLightColor(LIGHT_1, 0xfefefeff),
    gsSPLightColor(LIGHT_2, 0x7f7f7fff),
	gsSPEndDisplayList(),
};

Gfx b1_Plane_001_mesh[] = {
	gsSPDisplayList(mat_b1_f3d_material),
	gsSPDisplayList(badge_textures_mesh_tri_0),
	gsSPDisplayList(badge_textures_mat_revert),
	gsDPPipeSync(),
	gsSPSetGeometryMode(G_LIGHTING),
	gsSPClearGeometryMode(G_TEXTURE_GEN),
	gsDPSetCombineLERP(0, 0, 0, SHADE, 0, 0, 0, ENVIRONMENT, 0, 0, 0, SHADE, 0, 0, 0, ENVIRONMENT),
	gsSPTexture(65535, 65535, 0, 0, 0),
	gsSPEndDisplayList(),
};

// ---- b2 ----
Gfx b2_b2_ci8_aligner[] = {gsSPEndDisplayList()};
u8 b2_b2_ci8[] = {
	0x00, 0x00, 0x00, 0x00, 0x00, 0x00, 0x00, 0x00, 
	0x00, 0x00, 0x00, 0x00, 0x01, 0x01, 0x01, 0x01, 
	0x01, 0x01, 0x01, 0x01, 0x00, 0x00, 0x00, 0x00, 
	0x00, 0x00, 0x00, 0x00, 0x00, 0x00, 0x00, 0x00, 
	0x00, 0x00, 0x00, 0x00, 0x00, 0x00, 0x00, 0x00, 
	0x00, 0x01, 0x01, 0x01, 0x01, 0x01, 0x01, 0x01, 
	0x01, 0x01, 0x01, 0x01, 0x01, 0x01, 0x01, 0x00, 
	0x00, 0x00, 0x00, 0x00, 0x00, 0x00, 0x00, 0x00, 
	0x00, 0x00, 0x00, 0x00, 0x00, 0x00, 0x00, 0x01, 
	0x01, 0x01, 0x01, 0x01, 0x02, 0x03, 0x04, 0x05, 
	0x05, 0x04, 0x03, 0x02, 0x01, 0x01, 0x01, 0x01, 
	0x01, 0x00, 0x00, 0x00, 0x00, 0x00, 0x00, 0x00, 
	0x00, 0x00, 0x00, 0x00, 0x00, 0x00, 0x01, 0x01, 
	0x01, 0x06, 0x07, 0x08, 0x09, 0x09, 0x09, 0x09, 
	0x09, 0x09, 0x09, 0x09, 0x0a, 0x07, 0x06, 0x01, 
	0x01, 0x01, 0x00, 0x00, 0x00, 0x00, 0x00, 0x00, 
	0x00, 0x00, 0x00, 0x00, 0x00, 0x01, 0x01, 0x01, 
	0x0b, 0x0c, 0x09, 0x09, 0x09, 0x09, 0x09, 0x09, 
	0x09, 0x09, 0x09, 0x09, 0x09, 0x09, 0x0d, 0x0b, 
	0x01, 0x01, 0x01, 0x00, 0x00, 0x00, 0x00, 0x00, 
	0x00, 0x00, 0x00, 0x00, 0x01, 0x01, 0x06, 0x0e, 
	0x09, 0x09, 0x09, 0x09, 0x09, 0x09, 0x09, 0x0f, 
	0x10, 0x09, 0x09, 0x09, 0x09, 0x09, 0x09, 0x09, 
	0x0e, 0x06, 0x01, 0x01, 0x00, 0x00, 0x00, 0x00, 
	0x00, 0x00, 0x00, 0x01, 0x01, 0x06, 0x11, 0x09, 
	0x09, 0x09, 0x09, 0x09, 0x12, 0x0e, 0x02, 0x01, 
	0x01, 0x02, 0x13, 0x14, 0x09, 0x09, 0x09, 0x09, 
	0x09, 0x15, 0x06, 0x01, 0x01, 0x00, 0x00, 0x00, 
	0x00, 0x00, 0x01, 0x01, 0x01, 0x0e, 0x09, 0x09, 
	0x09, 0x09, 0x09, 0x07, 0x16, 0x01, 0x01, 0x01, 
	0x01, 0x01, 0x01, 0x06, 0x07, 0x12, 0x09, 0x09, 
	0x09, 0x09, 0x0e, 0x01, 0x01, 0x01, 0x00, 0x00, 
	0x00, 0x00, 0x01, 0x01, 0x0b, 0x09, 0x09, 0x09, 
	0x09, 0x09, 0x08, 0x01, 0x01, 0x01, 0x01, 0x01, 
	0x01, 0x01, 0x01, 0x01, 0x01, 0x08, 0x09, 0x09, 
	0x09, 0x09, 0x09, 0x03, 0x01, 0x01, 0x00, 0x00, 
	0x00, 0x01, 0x01, 0x06, 0x0c, 0x09, 0x09, 0x09, 
	0x09, 0x09, 0x03, 0x01, 0x01, 0x01, 0x01, 0x01, 
	0x01, 0x01, 0x01, 0x01, 0x01, 0x0b, 0x09, 0x09, 
	0x09, 0x09, 0x09, 0x17, 0x06, 0x01, 0x01, 0x00, 
	0x00, 0x01, 0x01, 0x07, 0x09, 0x09, 0x09, 0x18, 
	0x13, 0x19, 0x01, 0x01, 0x01, 0x01, 0x01, 0x01, 
	0x01, 0x01, 0x01, 0x01, 0x01, 0x01, 0x19, 0x13, 
	0x18, 0x09, 0x09, 0x09, 0x07, 0x01, 0x01, 0x00, 
	0x00, 0x01, 0x01, 0x0a, 0x09, 0x09, 0x09, 0x1a, 
	0x01, 0x01, 0x01, 0x01, 0x01, 0x01, 0x01, 0x01, 
	0x01, 0x01, 0x01, 0x01, 0x01, 0x01, 0x01, 0x01, 
	0x02, 0x09, 0x09, 0x09, 0x1b, 0x01, 0x01, 0x00, 
	0x01, 0x01, 0x02, 0x09, 0x09, 0x09, 0x09, 0x06, 
	0x01, 0x01, 0x01, 0x01, 0x01, 0x01, 0x01, 0x01, 
	0x01, 0x01, 0x01, 0x01, 0x01, 0x01, 0x01, 0x01, 
	0x06, 0x12, 0x09, 0x09, 0x09, 0x02, 0x01, 0x01, 
	0x01, 0x01, 0x03, 0x09, 0x09, 0x09, 0x1b, 0x01, 
	0x01, 0x01, 0x01, 0x01, 0x01, 0x01, 0x01, 0x01, 
	0x01, 0x01, 0x01, 0x01, 0x01, 0x01, 0x01, 0x01, 
	0x01, 0x0a, 0x09, 0x09, 0x09, 0x03, 0x01, 0x01, 
	0x01, 0x01, 0x04, 0x09, 0x09, 0x09, 0x10, 0x01, 
	0x01, 0x01, 0x01, 0x01, 0x01, 0x01, 0x01, 0x01, 
	0x01, 0x01, 0x01, 0x01, 0x01, 0x01, 0x01, 0x01, 
	0x01, 0x18, 0x09, 0x09, 0x09, 0x04, 0x01, 0x01, 
	0x01, 0x01, 0x05, 0x09, 0x09, 0x09, 0x10, 0x01, 
	0x01, 0x01, 0x01, 0x01, 0x01, 0x01, 0x01, 0x01, 
	0x01, 0x01, 0x01, 0x01, 0x01, 0x01, 0x01, 0x01, 
	0x01, 0x18, 0x09, 0x09, 0x09, 0x13, 0x01, 0x01, 
	0x01, 0x01, 0x05, 0x09, 0x09, 0x09, 0x0c, 0x01, 
	0x01, 0x01, 0x01, 0x01, 0x01, 0x01, 0x01, 0x01, 
	0x01, 0x01, 0x01, 0x01, 0x01, 0x01, 0x01, 0x01, 
	0x01, 0x1b, 0x09, 0x09, 0x09, 0x13, 0x01, 0x01, 
	0x01, 0x01, 0x04, 0x09, 0x09, 0x09, 0x09, 0x06, 
	0x01, 0x01, 0x01, 0x01, 0x01, 0x01, 0x01, 0x01, 
	0x01, 0x01, 0x01, 0x01, 0x01, 0x01, 0x01, 0x01, 
	0x06, 0x09, 0x09, 0x09, 0x09, 0x04, 0x01, 0x01, 
	0x01, 0x01, 0x03, 0x09, 0x09, 0x09, 0x09, 0x0b, 
	0x01, 0x01, 0x01, 0x01, 0x01, 0x01, 0x01, 0x01, 
	0x01, 0x01, 0x01, 0x01, 0x01, 0x01, 0x01, 0x01, 
	0x0b, 0x09, 0x09, 0x09, 0x09, 0x03, 0x01, 0x01, 
	0x01, 0x01, 0x02, 0x09, 0x09, 0x09, 0x09, 0x10, 
	0x01, 0x01, 0x01, 0x01, 0x01, 0x01, 0x01, 0x01, 
	0x01, 0x01, 0x01, 0x01, 0x01, 0x01, 0x01, 0x01, 
	0x18, 0x09, 0x09, 0x09, 0x09, 0x02, 0x01, 0x01, 
	0x00, 0x01, 0x01, 0x0a, 0x09, 0x09, 0x09, 0x09, 
	0x03, 0x01, 0x01, 0x01, 0x01, 0x01, 0x01, 0x01, 
	0x01, 0x01, 0x01, 0x01, 0x01, 0x01, 0x01, 0x03, 
	0x09, 0x09, 0x09, 0x09, 0x1b, 0x01, 0x01, 0x00, 
	0x00, 0x01, 0x01, 0x07, 0x09, 0x09, 0x09, 0x09, 
	0x14, 0x02, 0x01, 0x01, 0x01, 0x01, 0x01, 0x01, 
	0x01, 0x01, 0x01, 0x01, 0x01, 0x01, 0x02, 0x1c, 
	0x09, 0x09, 0x09, 0x09, 0x07, 0x01, 0x01, 0x00, 
	0x00, 0x01, 0x01, 0x06, 0x0c, 0x09, 0x09, 0x09, 
	0x09, 0x17, 0x02, 0x01, 0x01, 0x01, 0x01, 0x01, 
	0x01, 0x01, 0x01, 0x01, 0x01, 0x02, 0x17, 0x09, 
	0x09, 0x09, 0x09, 0x17, 0x06, 0x01, 0x01, 0x00, 
	0x00, 0x00, 0x01, 0x01, 0x0b, 0x09, 0x09, 0x09, 
	0x09, 0x09, 0x14, 0x03, 0x01, 0x01, 0x01, 0x01, 
	0x01, 0x01, 0x01, 0x01, 0x0b, 0x14, 0x09, 0x09, 
	0x09, 0x09, 0x09, 0x03, 0x01, 0x01, 0x00, 0x00, 
	0x00, 0x00, 0x01, 0x01, 0x01, 0x0e, 0x09, 0x09, 
	0x09, 0x09, 0x09, 0x09, 0x0e, 0x06, 0x01, 0x01, 
	0x01, 0x01, 0x06, 0x13, 0x09, 0x09, 0x09, 0x09, 
	0x09, 0x09, 0x0e, 0x01, 0x01, 0x01, 0x00, 0x00, 
	0x00, 0x00, 0x00, 0x01, 0x01, 0x06, 0x15, 0x09, 
	0x09, 0x09, 0x09, 0x09, 0x09, 0x0c, 0x0b, 0x1d, 
	0x1d, 0x0b, 0x1b, 0x09, 0x09, 0x09, 0x09, 0x09, 
	0x09, 0x15, 0x06, 0x01, 0x01, 0x00, 0x00, 0x00, 
	0x00, 0x00, 0x00, 0x00, 0x01, 0x01, 0x06, 0x0e, 
	0x09, 0x09, 0x09, 0x09, 0x09, 0x09, 0x09, 0x0f, 
	0x0f, 0x09, 0x09, 0x09, 0x09, 0x09, 0x09, 0x09, 
	0x0e, 0x06, 0x01, 0x01, 0x00, 0x00, 0x00, 0x00, 
	0x00, 0x00, 0x00, 0x00, 0x00, 0x01, 0x01, 0x01, 
	0x0b, 0x0c, 0x09, 0x09, 0x09, 0x09, 0x09, 0x09, 
	0x09, 0x09, 0x09, 0x09, 0x09, 0x09, 0x0d, 0x03, 
	0x01, 0x01, 0x01, 0x00, 0x00, 0x00, 0x00, 0x00, 
	0x00, 0x00, 0x00, 0x00, 0x00, 0x00, 0x01, 0x01, 
	0x01, 0x06, 0x07, 0x0a, 0x09, 0x09, 0x09, 0x09, 
	0x09, 0x09, 0x09, 0x09, 0x1b, 0x07, 0x06, 0x01, 
	0x01, 0x01, 0x00, 0x00, 0x00, 0x00, 0x00, 0x00, 
	0x00, 0x00, 0x00, 0x00, 0x00, 0x00, 0x00, 0x01, 
	0x01, 0x01, 0x01, 0x01, 0x02, 0x03, 0x04, 0x05, 
	0x05, 0x04, 0x03, 0x02, 0x01, 0x01, 0x01, 0x01, 
	0x01, 0x00, 0x00, 0x00, 0x00, 0x00, 0x00, 0x00, 
	0x00, 0x00, 0x00, 0x00, 0x00, 0x00, 0x00, 0x00, 
	0x00, 0x01, 0x01, 0x01, 0x01, 0x01, 0x01, 0x01, 
	0x01, 0x01, 0x01, 0x01, 0x01, 0x01, 0x01, 0x00, 
	0x00, 0x00, 0x00, 0x00, 0x00, 0x00, 0x00, 0x00, 
	0x00, 0x00, 0x00, 0x00, 0x00, 0x00, 0x00, 0x00, 
	0x00, 0x00, 0x00, 0x00, 0x01, 0x01, 0x01, 0x01, 
	0x01, 0x01, 0x01, 0x01, 0x00, 0x00, 0x00, 0x00, 
	0x00, 0x00, 0x00, 0x00, 0x00, 0x00, 0x00, 0x00, 
	
};

Gfx b2_b2_ci8_pal_rgba16_aligner[] = {gsSPEndDisplayList()};
u8 b2_b2_ci8_pal_rgba16[] = {
	0x1b, 0xb2, 0x1b, 0xb3, 0x1b, 0x2d, 0x1a, 0xe7, 
	0x1a, 0x63, 0x1a, 0x61, 0x1b, 0x71, 0x1a, 0xa5, 
	0x19, 0x95, 0x18, 0xc7, 0x19, 0x93, 0x1a, 0xe9, 
	0x19, 0x51, 0x19, 0x4f, 0x1a, 0x1f, 0x19, 0x97, 
	0x19, 0xd7, 0x1a, 0x1b, 0x18, 0xc9, 0x1a, 0x5f, 
	0x19, 0x0b, 0x19, 0xdb, 0x1b, 0x6f, 0x19, 0x0f, 
	0x19, 0xd9, 0x1a, 0xeb, 0x1b, 0x2b, 0x19, 0x53, 
	0x19, 0x0d, 0x1b, 0x73, 
};

Gfx mat_b2_f3d_material[] = {
	gsDPPipeSync(),
	gsDPSetCombineLERP(0, 0, 0, TEXEL0, 0, 0, 0, TEXEL0, 0, 0, 0, TEXEL0, 0, 0, 0, TEXEL0),
	gsSPClearGeometryMode(G_CULL_BACK),
	gsSPSetGeometryMode(G_LIGHTING),
	gsSPTexture(65535, 65535, 0, 0, 1),
	gsDPSetTextureLUT(G_TT_RGBA16),
	gsDPSetTextureImage(G_IM_FMT_RGBA, G_IM_SIZ_16b, 1, b2_b2_ci8_pal_rgba16),
	gsDPTileSync(),
	gsDPSetTile(0, 0, 0, 256, 7, 0, G_TX_WRAP | G_TX_NOMIRROR, 0, 0, G_TX_WRAP | G_TX_NOMIRROR, 0, 0),
	gsDPLoadSync(),
	gsDPLoadTLUTCmd(7, 29),
	gsDPPipeSync(),
	gsDPTileSync(),
	gsDPSetTextureImage(G_IM_FMT_CI, G_IM_SIZ_8b_LOAD_BLOCK, 1, b2_b2_ci8),
	gsDPSetTile(G_IM_FMT_CI, G_IM_SIZ_8b_LOAD_BLOCK, 0, 0, 7, 0, G_TX_CLAMP | G_TX_NOMIRROR, 5, 0, G_TX_CLAMP | G_TX_NOMIRROR, 5, 0),
	gsDPLoadSync(),
	gsDPLoadBlock(7, 0, 0, 511, 512),
	gsDPPipeSync(),
	gsDPSetTile(G_IM_FMT_CI, G_IM_SIZ_8b, 4, 0, 0, 0, G_TX_CLAMP | G_TX_NOMIRROR, 5, 0, G_TX_CLAMP | G_TX_NOMIRROR, 5, 0),
	gsDPSetTileSize(0, 0, 0, 124, 124),
    gsSPLightColor(LIGHT_1, 0xfefefeff),
    gsSPLightColor(LIGHT_2, 0x7f7f7fff),
	gsSPEndDisplayList(),
};

Gfx b2_Plane_001_mesh[] = {
	gsSPDisplayList(mat_b2_f3d_material),
	gsSPDisplayList(badge_textures_mesh_tri_0),
	gsSPDisplayList(badge_textures_mat_revert),
	gsDPPipeSync(),
	gsSPSetGeometryMode(G_LIGHTING),
	gsSPClearGeometryMode(G_TEXTURE_GEN),
	gsDPSetCombineLERP(0, 0, 0, SHADE, 0, 0, 0, ENVIRONMENT, 0, 0, 0, SHADE, 0, 0, 0, ENVIRONMENT),
	gsSPTexture(65535, 65535, 0, 0, 0),
	gsSPEndDisplayList(),
};

// ---- b3 ----
Gfx b3_b3_ci8_aligner[] = {gsSPEndDisplayList()};
u8 b3_b3_ci8[] = {
	0x00, 0x00, 0x00, 0x00, 0x00, 0x00, 0x00, 0x00, 
	0x00, 0x00, 0x00, 0x00, 0x01, 0x01, 0x01, 0x01, 
	0x01, 0x01, 0x01, 0x01, 0x00, 0x00, 0x00, 0x00, 
	0x00, 0x00, 0x00, 0x00, 0x00, 0x00, 0x00, 0x00, 
	0x00, 0x00, 0x00, 0x00, 0x00, 0x00, 0x00, 0x00, 
	0x00, 0x01, 0x01, 0x01, 0x01, 0x01, 0x01, 0x01, 
	0x01, 0x01, 0x01, 0x01, 0x01, 0x01, 0x01, 0x00, 
	0x00, 0x00, 0x00, 0x00, 0x00, 0x00, 0x00, 0x00, 
	0x00, 0x00, 0x00, 0x00, 0x00, 0x00, 0x00, 0x01, 
	0x01, 0x01, 0x01, 0x01, 0x02, 0x03, 0x04, 0x05, 
	0x05, 0x04, 0x03, 0x02, 0x01, 0x01, 0x01, 0x01, 
	0x01, 0x00, 0x00, 0x00, 0x00, 0x00, 0x00, 0x00, 
	0x00, 0x00, 0x00, 0x00, 0x00, 0x00, 0x01, 0x01, 
	0x01, 0x06, 0x07, 0x08, 0x09, 0x09, 0x09, 0x09, 
	0x09, 0x09, 0x09, 0x09, 0x08, 0x07, 0x06, 0x01, 
	0x01, 0x01, 0x00, 0x00, 0x00, 0x00, 0x00, 0x00, 
	0x00, 0x00, 0x00, 0x00, 0x00, 0x01, 0x01, 0x01, 
	0x03, 0x0a, 0x09, 0x09, 0x09, 0x09, 0x09, 0x09, 
	0x09, 0x09, 0x09, 0x09, 0x09, 0x09, 0x0a, 0x03, 
	0x01, 0x01, 0x01, 0x00, 0x00, 0x00, 0x00, 0x00, 
	0x00, 0x00, 0x00, 0x00, 0x01, 0x01, 0x01, 0x0b, 
	0x09, 0x09, 0x09, 0x09, 0x09, 0x09, 0x09, 0x09, 
	0x09, 0x09, 0x09, 0x09, 0x09, 0x09, 0x09, 0x09, 
	0x0b, 0x01, 0x01, 0x01, 0x00, 0x00, 0x00, 0x00, 
	0x00, 0x00, 0x00, 0x01, 0x01, 0x01, 0x0c, 0x09, 
	0x09, 0x09, 0x09, 0x09, 0x09, 0x09, 0x09, 0x09, 
	0x09, 0x09, 0x09, 0x09, 0x09, 0x09, 0x09, 0x09, 
	0x09, 0x0c, 0x01, 0x01, 0x01, 0x00, 0x00, 0x00, 
	0x00, 0x00, 0x01, 0x01, 0x01, 0x0b, 0x09, 0x09, 
	0x09, 0x09, 0x09, 0x09, 0x09, 0x09, 0x09, 0x09, 
	0x09, 0x09, 0x09, 0x09, 0x0d, 0x03, 0x03, 0x03, 
	0x0b, 0x09, 0x0b, 0x01, 0x01, 0x01, 0x00, 0x00, 
	0x00, 0x00, 0x01, 0x01, 0x0e, 0x09, 0x09, 0x09, 
	0x09, 0x09, 0x09, 0x09, 0x09, 0x09, 0x09, 0x09, 
	0x09, 0x09, 0x09, 0x0d, 0x01, 0x01, 0x01, 0x01, 
	0x03, 0x09, 0x09, 0x0e, 0x01, 0x01, 0x00, 0x00, 
	0x00, 0x01, 0x01, 0x06, 0x0a, 0x09, 0x09, 0x09, 
	0x09, 0x09, 0x09, 0x09, 0x09, 0x09, 0x09, 0x09, 
	0x09, 0x09, 0x0b, 0x01, 0x01, 0x01, 0x01, 0x01, 
	0x03, 0x09, 0x09, 0x0a, 0x06, 0x01, 0x01, 0x00, 
	0x00, 0x01, 0x01, 0x07, 0x09, 0x09, 0x09, 0x09, 
	0x09, 0x09, 0x09, 0x09, 0x09, 0x09, 0x09, 0x09, 
	0x09, 0x0f, 0x01, 0x01, 0x01, 0x01, 0x01, 0x01, 
	0x10, 0x09, 0x09, 0x09, 0x07, 0x01, 0x01, 0x00, 
	0x00, 0x01, 0x01, 0x08, 0x09, 0x09, 0x09, 0x09, 
	0x09, 0x09, 0x09, 0x09, 0x09, 0x09, 0x09, 0x09, 
	0x08, 0x06, 0x01, 0x01, 0x01, 0x01, 0x01, 0x01, 
	0x11, 0x09, 0x09, 0x09, 0x08, 0x01, 0x01, 0x00, 
	0x01, 0x01, 0x12, 0x09, 0x09, 0x09, 0x09, 0x09, 
	0x09, 0x09, 0x09, 0x09, 0x09, 0x09, 0x09, 0x0a, 
	0x12, 0x01, 0x01, 0x01, 0x01, 0x01, 0x01, 0x04, 
	0x09, 0x09, 0x09, 0x09, 0x09, 0x12, 0x01, 0x01, 
	0x01, 0x01, 0x03, 0x09, 0x09, 0x09, 0x09, 0x09, 
	0x09, 0x09, 0x09, 0x09, 0x09, 0x09, 0x13, 0x14, 
	0x01, 0x01, 0x01, 0x01, 0x01, 0x01, 0x0b, 0x09, 
	0x09, 0x09, 0x09, 0x09, 0x09, 0x03, 0x01, 0x01, 
	0x01, 0x01, 0x0d, 0x09, 0x09, 0x09, 0x09, 0x09, 
	0x09, 0x09, 0x09, 0x09, 0x09, 0x09, 0x0e, 0x01, 
	0x01, 0x01, 0x01, 0x01, 0x06, 0x0f, 0x09, 0x09, 
	0x09, 0x09, 0x09, 0x09, 0x09, 0x0d, 0x01, 0x01, 
	0x01, 0x01, 0x05, 0x09, 0x09, 0x09, 0x09, 0x09, 
	0x09, 0x09, 0x09, 0x09, 0x09, 0x0d, 0x01, 0x01, 
	0x01, 0x01, 0x01, 0x12, 0x08, 0x09, 0x09, 0x09, 
	0x09, 0x09, 0x09, 0x09, 0x09, 0x05, 0x01, 0x01, 
	0x01, 0x01, 0x05, 0x09, 0x09, 0x09, 0x09, 0x09, 
	0x09, 0x09, 0x09, 0x09, 0x0b, 0x01, 0x01, 0x01, 
	0x01, 0x01, 0x14, 0x15, 0x09, 0x09, 0x09, 0x09, 
	0x09, 0x09, 0x09, 0x09, 0x09, 0x05, 0x01, 0x01, 
	0x01, 0x01, 0x0d, 0x09, 0x09, 0x09, 0x09, 0x09, 
	0x09, 0x16, 0x17, 0x02, 0x01, 0x01, 0x01, 0x01, 
	0x01, 0x03, 0x18, 0x09, 0x09, 0x09, 0x09, 0x09, 
	0x09, 0x09, 0x09, 0x09, 0x09, 0x0d, 0x01, 0x01, 
	0x01, 0x01, 0x0e, 0x09, 0x09, 0x09, 0x09, 0x09, 
	0x09, 0x19, 0x06, 0x01, 0x01, 0x01, 0x01, 0x01, 
	0x04, 0x09, 0x09, 0x09, 0x09, 0x09, 0x09, 0x09, 
	0x09, 0x09, 0x09, 0x09, 0x09, 0x0e, 0x01, 0x01, 
	0x01, 0x01, 0x12, 0x09, 0x09, 0x09, 0x09, 0x09, 
	0x09, 0x09, 0x0c, 0x01, 0x01, 0x01, 0x01, 0x0b, 
	0x09, 0x09, 0x09, 0x09, 0x09, 0x09, 0x09, 0x09, 
	0x09, 0x09, 0x09, 0x09, 0x09, 0x12, 0x01, 0x01, 
	0x00, 0x01, 0x01, 0x08, 0x09, 0x09, 0x09, 0x09, 
	0x09, 0x1a, 0x12, 0x01, 0x01, 0x01, 0x14, 0x09, 
	0x09, 0x09, 0x09, 0x09, 0x09, 0x09, 0x09, 0x09, 
	0x09, 0x09, 0x09, 0x09, 0x1b, 0x01, 0x01, 0x00, 
	0x00, 0x01, 0x01, 0x07, 0x09, 0x09, 0x09, 0x16, 
	0x0c, 0x12, 0x01, 0x12, 0x0c, 0x06, 0x17, 0x09, 
	0x09, 0x09, 0x09, 0x09, 0x09, 0x09, 0x09, 0x09, 
	0x09, 0x09, 0x09, 0x09, 0x07, 0x01, 0x01, 0x00, 
	0x00, 0x01, 0x01, 0x06, 0x0a, 0x09, 0x09, 0x07, 
	0x01, 0x01, 0x12, 0x1a, 0x09, 0x19, 0x16, 0x09, 
	0x09, 0x09, 0x09, 0x09, 0x09, 0x09, 0x09, 0x09, 
	0x09, 0x09, 0x09, 0x0a, 0x06, 0x01, 0x01, 0x00, 
	0x00, 0x00, 0x01, 0x01, 0x17, 0x09, 0x09, 0x03, 
	0x01, 0x01, 0x0c, 0x09, 0x09, 0x09, 0x09, 0x09, 
	0x09, 0x09, 0x09, 0x09, 0x09, 0x09, 0x09, 0x09, 
	0x09, 0x09, 0x09, 0x17, 0x01, 0x01, 0x00, 0x00, 
	0x00, 0x00, 0x01, 0x01, 0x01, 0x05, 0x09, 0x1c, 
	0x03, 0x07, 0x13, 0x09, 0x09, 0x09, 0x09, 0x09, 
	0x09, 0x09, 0x09, 0x09, 0x09, 0x09, 0x09, 0x09, 
	0x09, 0x09, 0x05, 0x01, 0x01, 0x01, 0x00, 0x00, 
	0x00, 0x00, 0x00, 0x01, 0x01, 0x01, 0x0c, 0x09, 
	0x09, 0x09, 0x09, 0x09, 0x09, 0x09, 0x09, 0x09, 
	0x09, 0x09, 0x09, 0x09, 0x09, 0x09, 0x09, 0x09, 
	0x09, 0x0c, 0x01, 0x01, 0x01, 0x00, 0x00, 0x00, 
	0x00, 0x00, 0x00, 0x00, 0x01, 0x01, 0x01, 0x0b, 
	0x09, 0x09, 0x09, 0x09, 0x09, 0x09, 0x09, 0x09, 
	0x09, 0x09, 0x09, 0x09, 0x09, 0x09, 0x09, 0x09, 
	0x05, 0x01, 0x01, 0x01, 0x00, 0x00, 0x00, 0x00, 
	0x00, 0x00, 0x00, 0x00, 0x00, 0x01, 0x01, 0x01, 
	0x17, 0x0a, 0x09, 0x09, 0x09, 0x09, 0x09, 0x09, 
	0x09, 0x09, 0x09, 0x09, 0x09, 0x09, 0x0a, 0x17, 
	0x01, 0x01, 0x01, 0x00, 0x00, 0x00, 0x00, 0x00, 
	0x00, 0x00, 0x00, 0x00, 0x00, 0x00, 0x01, 0x01, 
	0x01, 0x06, 0x07, 0x08, 0x09, 0x09, 0x09, 0x09, 
	0x09, 0x09, 0x09, 0x09, 0x08, 0x07, 0x06, 0x01, 
	0x01, 0x01, 0x00, 0x00, 0x00, 0x00, 0x00, 0x00, 
	0x00, 0x00, 0x00, 0x00, 0x00, 0x00, 0x00, 0x01, 
	0x01, 0x01, 0x01, 0x01, 0x12, 0x03, 0x0d, 0x05, 
	0x05, 0x0d, 0x03, 0x12, 0x01, 0x01, 0x01, 0x01, 
	0x01, 0x00, 0x00, 0x00, 0x00, 0x00, 0x00, 0x00, 
	0x00, 0x00, 0x00, 0x00, 0x00, 0x00, 0x00, 0x00, 
	0x00, 0x01, 0x01, 0x01, 0x01, 0x01, 0x01, 0x01, 
	0x01, 0x01, 0x01, 0x01, 0x01, 0x01, 0x01, 0x00, 
	0x00, 0x00, 0x00, 0x00, 0x00, 0x00, 0x00, 0x00, 
	0x00, 0x00, 0x00, 0x00, 0x00, 0x00, 0x00, 0x00, 
	0x00, 0x00, 0x00, 0x00, 0x01, 0x01, 0x01, 0x01, 
	0x01, 0x01, 0x01, 0x01, 0x00, 0x00, 0x00, 0x00, 
	0x00, 0x00, 0x00, 0x00, 0x00, 0x00, 0x00, 0x00, 
	
};

Gfx b3_b3_ci8_pal_rgba16_aligner[] = {gsSPEndDisplayList()};
u8 b3_b3_ci8_pal_rgba16[] = {
	0xda, 0x48, 0xda, 0x49, 0xc2, 0x09, 0xa9, 0xc9, 
	0x91, 0xc7, 0x89, 0x87, 0xd2, 0x49, 0xa1, 0xc7, 
	0x51, 0x07, 0x18, 0xc7, 0x41, 0x07, 0x81, 0x87, 
	0x71, 0x47, 0x99, 0xc7, 0xaa, 0x09, 0x69, 0x47, 
	0xa1, 0xc9, 0x91, 0x87, 0xca, 0x49, 0x28, 0xc7, 
	0xba, 0x09, 0x39, 0x07, 0x30, 0xc7, 0xb2, 0x09, 
	0x20, 0xc7, 0x59, 0x47, 0x49, 0x07, 0x59, 0x07, 
	0x79, 0x47, 
};

Gfx mat_b3_f3d_material[] = {
	gsDPPipeSync(),
	gsDPSetCombineLERP(0, 0, 0, TEXEL0, 0, 0, 0, TEXEL0, 0, 0, 0, TEXEL0, 0, 0, 0, TEXEL0),
	gsSPClearGeometryMode(G_CULL_BACK),
	gsSPSetGeometryMode(G_LIGHTING),
	gsSPTexture(65535, 65535, 0, 0, 1),
	gsDPSetTextureLUT(G_TT_RGBA16),
	gsDPSetTextureImage(G_IM_FMT_RGBA, G_IM_SIZ_16b, 1, b3_b3_ci8_pal_rgba16),
	gsDPTileSync(),
	gsDPSetTile(0, 0, 0, 256, 7, 0, G_TX_WRAP | G_TX_NOMIRROR, 0, 0, G_TX_WRAP | G_TX_NOMIRROR, 0, 0),
	gsDPLoadSync(),
	gsDPLoadTLUTCmd(7, 28),
	gsDPPipeSync(),
	gsDPTileSync(),
	gsDPSetTextureImage(G_IM_FMT_CI, G_IM_SIZ_8b_LOAD_BLOCK, 1, b3_b3_ci8),
	gsDPSetTile(G_IM_FMT_CI, G_IM_SIZ_8b_LOAD_BLOCK, 0, 0, 7, 0, G_TX_CLAMP | G_TX_NOMIRROR, 5, 0, G_TX_CLAMP | G_TX_NOMIRROR, 5, 0),
	gsDPLoadSync(),
	gsDPLoadBlock(7, 0, 0, 511, 512),
	gsDPPipeSync(),
	gsDPSetTile(G_IM_FMT_CI, G_IM_SIZ_8b, 4, 0, 0, 0, G_TX_CLAMP | G_TX_NOMIRROR, 5, 0, G_TX_CLAMP | G_TX_NOMIRROR, 5, 0),
	gsDPSetTileSize(0, 0, 0, 124, 124),
    gsSPLightColor(LIGHT_1, 0xfefefeff),
    gsSPLightColor(LIGHT_2, 0x7f7f7fff),
	gsSPEndDisplayList(),
};

Gfx b3_Plane_001_mesh[] = {
	gsSPDisplayList(mat_b3_f3d_material),
	gsSPDisplayList(badge_textures_mesh_tri_0),
	gsSPDisplayList(badge_textures_mat_revert),
	gsDPPipeSync(),
	gsSPSetGeometryMode(G_LIGHTING),
	gsSPClearGeometryMode(G_TEXTURE_GEN),
	gsDPSetCombineLERP(0, 0, 0, SHADE, 0, 0, 0, ENVIRONMENT, 0, 0, 0, SHADE, 0, 0, 0, ENVIRONMENT),
	gsSPTexture(65535, 65535, 0, 0, 0),
	gsSPEndDisplayList(),
};

// ---- b4 ----
Gfx b4_b4_ci8_aligner[] = {gsSPEndDisplayList()};
u8 b4_b4_ci8[] = {
	0x00, 0x00, 0x00, 0x00, 0x00, 0x00, 0x00, 0x00, 
	0x00, 0x00, 0x00, 0x00, 0x01, 0x01, 0x01, 0x01, 
	0x01, 0x01, 0x01, 0x01, 0x00, 0x00, 0x00, 0x00, 
	0x00, 0x00, 0x00, 0x00, 0x00, 0x00, 0x00, 0x00, 
	0x00, 0x00, 0x00, 0x00, 0x00, 0x00, 0x00, 0x00, 
	0x00, 0x01, 0x01, 0x01, 0x01, 0x01, 0x01, 0x01, 
	0x01, 0x01, 0x01, 0x01, 0x01, 0x01, 0x01, 0x00, 
	0x00, 0x00, 0x00, 0x00, 0x00, 0x00, 0x00, 0x00, 
	0x00, 0x00, 0x00, 0x00, 0x00, 0x00, 0x00, 0x01, 
	0x01, 0x01, 0x01, 0x01, 0x02, 0x03, 0x04, 0x05, 
	0x05, 0x04, 0x03, 0x02, 0x01, 0x01, 0x01, 0x01, 
	0x01, 0x00, 0x00, 0x00, 0x00, 0x00, 0x00, 0x00, 
	0x00, 0x00, 0x00, 0x00, 0x00, 0x00, 0x01, 0x01, 
	0x01, 0x06, 0x07, 0x08, 0x09, 0x09, 0x09, 0x09, 
	0x09, 0x09, 0x09, 0x09, 0x0a, 0x0b, 0x06, 0x01, 
	0x01, 0x01, 0x00, 0x00, 0x00, 0x00, 0x00, 0x00, 
	0x00, 0x00, 0x00, 0x00, 0x00, 0x01, 0x01, 0x01, 
	0x03, 0x0c, 0x09, 0x09, 0x09, 0x09, 0x09, 0x09, 
	0x09, 0x09, 0x09, 0x09, 0x09, 0x09, 0x0c, 0x03, 
	0x01, 0x01, 0x01, 0x00, 0x00, 0x00, 0x00, 0x00, 
	0x00, 0x00, 0x00, 0x00, 0x01, 0x01, 0x0d, 0x0e, 
	0x09, 0x09, 0x09, 0x09, 0x09, 0x09, 0x09, 0x09, 
	0x09, 0x09, 0x09, 0x09, 0x09, 0x09, 0x09, 0x09, 
	0x0f, 0x0d, 0x01, 0x01, 0x00, 0x00, 0x00, 0x00, 
	0x00, 0x00, 0x00, 0x01, 0x01, 0x0d, 0x10, 0x09, 
	0x09, 0x09, 0x09, 0x09, 0x11, 0x0f, 0x12, 0x12, 
	0x13, 0x14, 0x09, 0x09, 0x09, 0x09, 0x09, 0x09, 
	0x09, 0x10, 0x0d, 0x01, 0x01, 0x00, 0x00, 0x00, 
	0x00, 0x00, 0x01, 0x01, 0x01, 0x0e, 0x09, 0x09, 
	0x09, 0x09, 0x15, 0x16, 0x01, 0x01, 0x01, 0x01, 
	0x01, 0x0d, 0x03, 0x0a, 0x09, 0x09, 0x09, 0x09, 
	0x09, 0x09, 0x0f, 0x01, 0x01, 0x01, 0x00, 0x00, 
	0x00, 0x00, 0x01, 0x01, 0x03, 0x09, 0x09, 0x09, 
	0x17, 0x07, 0x01, 0x0d, 0x07, 0x18, 0x19, 0x1a, 
	0x1b, 0x07, 0x06, 0x06, 0x0f, 0x09, 0x09, 0x09, 
	0x09, 0x09, 0x09, 0x03, 0x01, 0x01, 0x00, 0x00, 
	0x00, 0x01, 0x01, 0x06, 0x0c, 0x09, 0x09, 0x09, 
	0x07, 0x01, 0x01, 0x01, 0x01, 0x04, 0x09, 0x09, 
	0x09, 0x09, 0x1c, 0x16, 0x0d, 0x1d, 0x09, 0x09, 
	0x09, 0x09, 0x09, 0x1e, 0x06, 0x01, 0x01, 0x00, 
	0x00, 0x01, 0x01, 0x07, 0x09, 0x09, 0x09, 0x0f, 
	0x01, 0x01, 0x01, 0x01, 0x01, 0x01, 0x18, 0x09, 
	0x09, 0x09, 0x09, 0x1a, 0x16, 0x06, 0x11, 0x09, 
	0x09, 0x09, 0x09, 0x09, 0x0b, 0x01, 0x01, 0x00, 
	0x00, 0x01, 0x01, 0x0a, 0x09, 0x09, 0x19, 0x1f, 
	0x01, 0x01, 0x01, 0x01, 0x01, 0x01, 0x20, 0x09, 
	0x09, 0x09, 0x09, 0x09, 0x1c, 0x06, 0x03, 0x09, 
	0x09, 0x09, 0x09, 0x09, 0x0a, 0x01, 0x01, 0x00, 
	0x01, 0x01, 0x02, 0x09, 0x09, 0x09, 0x10, 0x01, 
	0x07, 0x01, 0x01, 0x01, 0x01, 0x01, 0x21, 0x09, 
	0x09, 0x09, 0x09, 0x09, 0x09, 0x07, 0x06, 0x1a, 
	0x09, 0x09, 0x09, 0x09, 0x09, 0x02, 0x01, 0x01, 
	0x01, 0x01, 0x22, 0x09, 0x09, 0x09, 0x0b, 0x06, 
	0x1a, 0x23, 0x01, 0x01, 0x01, 0x03, 0x09, 0x09, 
	0x09, 0x09, 0x09, 0x09, 0x09, 0x10, 0x01, 0x21, 
	0x09, 0x09, 0x09, 0x09, 0x09, 0x22, 0x01, 0x01, 
	0x01, 0x01, 0x12, 0x09, 0x09, 0x09, 0x03, 0x02, 
	0x09, 0x19, 0x0f, 0x24, 0x13, 0x09, 0x09, 0x09, 
	0x09, 0x09, 0x09, 0x09, 0x09, 0x1c, 0x01, 0x05, 
	0x09, 0x09, 0x09, 0x09, 0x09, 0x12, 0x01, 0x01, 
	0x01, 0x01, 0x05, 0x09, 0x09, 0x09, 0x25, 0x02, 
	0x09, 0x09, 0x09, 0x09, 0x09, 0x09, 0x09, 0x09, 
	0x09, 0x09, 0x09, 0x19, 0x26, 0x10, 0x01, 0x05, 
	0x09, 0x09, 0x09, 0x09, 0x09, 0x0e, 0x01, 0x01, 
	0x01, 0x01, 0x05, 0x09, 0x09, 0x09, 0x07, 0x06, 
	0x09, 0x09, 0x09, 0x09, 0x09, 0x09, 0x09, 0x09, 
	0x09, 0x09, 0x27, 0x02, 0x03, 0x22, 0x02, 0x03, 
	0x1a, 0x09, 0x09, 0x09, 0x09, 0x0e, 0x01, 0x01, 
	0x01, 0x01, 0x12, 0x09, 0x09, 0x09, 0x1d, 0x01, 
	0x21, 0x09, 0x09, 0x09, 0x09, 0x09, 0x09, 0x09, 
	0x09, 0x04, 0x01, 0x01, 0x28, 0x09, 0x09, 0x12, 
	0x23, 0x09, 0x09, 0x09, 0x09, 0x12, 0x01, 0x01, 
	0x01, 0x01, 0x22, 0x09, 0x09, 0x09, 0x1a, 0x29, 
	0x23, 0x09, 0x09, 0x09, 0x09, 0x09, 0x09, 0x09, 
	0x1c, 0x06, 0x01, 0x01, 0x02, 0x09, 0x09, 0x09, 
	0x03, 0x13, 0x09, 0x09, 0x09, 0x22, 0x01, 0x01, 
	0x01, 0x01, 0x02, 0x09, 0x09, 0x09, 0x09, 0x27, 
	0x01, 0x05, 0x09, 0x09, 0x09, 0x09, 0x09, 0x09, 
	0x05, 0x28, 0x2a, 0x0d, 0x27, 0x09, 0x09, 0x09, 
	0x21, 0x22, 0x09, 0x09, 0x09, 0x02, 0x01, 0x01, 
	0x00, 0x01, 0x01, 0x0a, 0x09, 0x09, 0x09, 0x09, 
	0x23, 0x0d, 0x05, 0x09, 0x09, 0x09, 0x09, 0x09, 
	0x12, 0x0e, 0x09, 0x17, 0x09, 0x09, 0x09, 0x09, 
	0x08, 0x23, 0x09, 0x09, 0x0a, 0x01, 0x01, 0x00, 
	0x00, 0x01, 0x01, 0x0b, 0x09, 0x09, 0x09, 0x09, 
	0x2b, 0x23, 0x01, 0x16, 0x13, 0x1a, 0x09, 0x09, 
	0x0f, 0x07, 0x09, 0x09, 0x09, 0x09, 0x09, 0x09, 
	0x0f, 0x0b, 0x09, 0x09, 0x24, 0x01, 0x01, 0x00, 
	0x00, 0x01, 0x01, 0x06, 0x0c, 0x09, 0x09, 0x09, 
	0x09, 0x09, 0x05, 0x2c, 0x01, 0x0d, 0x29, 0x29, 
	0x01, 0x06, 0x0a, 0x09, 0x09, 0x09, 0x09, 0x2b, 
	0x16, 0x08, 0x09, 0x1e, 0x06, 0x01, 0x01, 0x00, 
	0x00, 0x00, 0x01, 0x01, 0x03, 0x09, 0x09, 0x09, 
	0x09, 0x09, 0x09, 0x19, 0x15, 0x28, 0x07, 0x07, 
	0x12, 0x0f, 0x02, 0x13, 0x19, 0x09, 0x26, 0x16, 
	0x05, 0x09, 0x09, 0x03, 0x01, 0x01, 0x00, 0x00, 
	0x00, 0x00, 0x01, 0x01, 0x01, 0x0f, 0x09, 0x09, 
	0x09, 0x09, 0x09, 0x09, 0x09, 0x09, 0x09, 0x09, 
	0x09, 0x09, 0x0a, 0x22, 0x2a, 0x2a, 0x23, 0x21, 
	0x09, 0x09, 0x0f, 0x01, 0x01, 0x01, 0x00, 0x00, 
	0x00, 0x00, 0x00, 0x01, 0x01, 0x0d, 0x10, 0x09, 
	0x09, 0x09, 0x09, 0x09, 0x09, 0x09, 0x09, 0x09, 
	0x09, 0x09, 0x09, 0x09, 0x09, 0x09, 0x09, 0x09, 
	0x09, 0x10, 0x0d, 0x01, 0x01, 0x00, 0x00, 0x00, 
	0x00, 0x00, 0x00, 0x00, 0x01, 0x01, 0x0d, 0x0f, 
	0x09, 0x09, 0x09, 0x09, 0x09, 0x09, 0x09, 0x09, 
	0x09, 0x09, 0x09, 0x09, 0x09, 0x09, 0x09, 0x09, 
	0x0f, 0x0d, 0x01, 0x01, 0x00, 0x00, 0x00, 0x00, 
	0x00, 0x00, 0x00, 0x00, 0x00, 0x01, 0x01, 0x01, 
	0x03, 0x0c, 0x09, 0x09, 0x09, 0x09, 0x09, 0x09, 
	0x09, 0x09, 0x09, 0x09, 0x09, 0x09, 0x1e, 0x03, 
	0x01, 0x01, 0x01, 0x00, 0x00, 0x00, 0x00, 0x00, 
	0x00, 0x00, 0x00, 0x00, 0x00, 0x00, 0x01, 0x01, 
	0x01, 0x06, 0x07, 0x0a, 0x09, 0x09, 0x09, 0x09, 
	0x09, 0x09, 0x09, 0x09, 0x0a, 0x0b, 0x06, 0x01, 
	0x01, 0x01, 0x00, 0x00, 0x00, 0x00, 0x00, 0x00, 
	0x00, 0x00, 0x00, 0x00, 0x00, 0x00, 0x00, 0x01, 
	0x01, 0x01, 0x01, 0x01, 0x02, 0x03, 0x12, 0x05, 
	0x05, 0x12, 0x22, 0x02, 0x01, 0x01, 0x01, 0x01, 
	0x01, 0x00, 0x00, 0x00, 0x00, 0x00, 0x00, 0x00, 
	0x00, 0x00, 0x00, 0x00, 0x00, 0x00, 0x00, 0x00, 
	0x00, 0x01, 0x01, 0x01, 0x01, 0x01, 0x01, 0x01, 
	0x01, 0x01, 0x01, 0x01, 0x01, 0x01, 0x01, 0x00, 
	0x00, 0x00, 0x00, 0x00, 0x00, 0x00, 0x00, 0x00, 
	0x00, 0x00, 0x00, 0x00, 0x00, 0x00, 0x00, 0x00, 
	0x00, 0x00, 0x00, 0x00, 0x01, 0x01, 0x01, 0x01, 
	0x01, 0x01, 0x01, 0x01, 0x00, 0x00, 0x00, 0x00, 
	0x00, 0x00, 0x00, 0x00, 0x00, 0x00, 0x00, 0x00, 
	
};

Gfx b4_b4_ci8_pal_rgba16_aligner[] = {gsSPEndDisplayList()};
u8 b4_b4_ci8_pal_rgba16[] = {
	0x6e, 0x36, 0x6e, 0x37, 0x65, 0xb1, 0x5c, 0xeb, 
	0x4c, 0x65, 0x4b, 0xe3, 0x6d, 0xf5, 0x54, 0xa9, 
	0x32, 0x55, 0x18, 0xc7, 0x2a, 0x55, 0x54, 0xa7, 
	0x29, 0xd1, 0x6e, 0x35, 0x43, 0xe1, 0x43, 0xa1, 
	0x3b, 0x5d, 0x2a, 0x53, 0x4c, 0x25, 0x43, 0x5f, 
	0x21, 0x8f, 0x3b, 0x1d, 0x65, 0x6f, 0x18, 0xc9, 
	0x32, 0x97, 0x19, 0x09, 0x21, 0x4b, 0x3a, 0xdb, 
	0x2a, 0x13, 0x43, 0x9f, 0x21, 0xd1, 0x65, 0xb3, 
	0x4b, 0xe1, 0x3b, 0x1b, 0x54, 0xeb, 0x5d, 0x2d, 
	0x54, 0x67, 0x5c, 0xed, 0x32, 0xd9, 0x4c, 0x23, 
	0x4c, 0x67, 0x6d, 0xf3, 0x65, 0x71, 0x21, 0x4d, 
	0x6d, 0xb3, 
};

Gfx mat_b4_f3d_material[] = {
	gsDPPipeSync(),
	gsDPSetCombineLERP(0, 0, 0, TEXEL0, 0, 0, 0, TEXEL0, 0, 0, 0, TEXEL0, 0, 0, 0, TEXEL0),
	gsSPClearGeometryMode(G_CULL_BACK),
	gsSPSetGeometryMode(G_LIGHTING),
	gsSPTexture(65535, 65535, 0, 0, 1),
	gsDPSetTextureLUT(G_TT_RGBA16),
	gsDPSetTextureImage(G_IM_FMT_RGBA, G_IM_SIZ_16b, 1, b4_b4_ci8_pal_rgba16),
	gsDPTileSync(),
	gsDPSetTile(0, 0, 0, 256, 7, 0, G_TX_WRAP | G_TX_NOMIRROR, 0, 0, G_TX_WRAP | G_TX_NOMIRROR, 0, 0),
	gsDPLoadSync(),
	gsDPLoadTLUTCmd(7, 44),
	gsDPPipeSync(),
	gsDPTileSync(),
	gsDPSetTextureImage(G_IM_FMT_CI, G_IM_SIZ_8b_LOAD_BLOCK, 1, b4_b4_ci8),
	gsDPSetTile(G_IM_FMT_CI, G_IM_SIZ_8b_LOAD_BLOCK, 0, 0, 7, 0, G_TX_CLAMP | G_TX_NOMIRROR, 5, 0, G_TX_CLAMP | G_TX_NOMIRROR, 5, 0),
	gsDPLoadSync(),
	gsDPLoadBlock(7, 0, 0, 511, 512),
	gsDPPipeSync(),
	gsDPSetTile(G_IM_FMT_CI, G_IM_SIZ_8b, 4, 0, 0, 0, G_TX_CLAMP | G_TX_NOMIRROR, 5, 0, G_TX_CLAMP | G_TX_NOMIRROR, 5, 0),
	gsDPSetTileSize(0, 0, 0, 124, 124),
    gsSPLightColor(LIGHT_1, 0xfefefeff),
    gsSPLightColor(LIGHT_2, 0x7f7f7fff),
	gsSPEndDisplayList(),
};

Gfx b4_Plane_001_mesh[] = {
	gsSPDisplayList(mat_b4_f3d_material),
	gsSPDisplayList(badge_textures_mesh_tri_0),
	gsSPDisplayList(badge_textures_mat_revert),
	gsDPPipeSync(),
	gsSPSetGeometryMode(G_LIGHTING),
	gsSPClearGeometryMode(G_TEXTURE_GEN),
	gsDPSetCombineLERP(0, 0, 0, SHADE, 0, 0, 0, ENVIRONMENT, 0, 0, 0, SHADE, 0, 0, 0, ENVIRONMENT),
	gsSPTexture(65535, 65535, 0, 0, 0),
	gsSPEndDisplayList(),
};

// ---- b5 ----
Gfx b5_b5_ci8_aligner[] = {gsSPEndDisplayList()};
u8 b5_b5_ci8[] = {
	0x00, 0x00, 0x00, 0x00, 0x00, 0x00, 0x00, 0x00, 
	0x00, 0x00, 0x01, 0x01, 0x02, 0x02, 0x02, 0x02, 
	0x02, 0x02, 0x02, 0x02, 0x01, 0x01, 0x00, 0x00, 
	0x00, 0x00, 0x00, 0x00, 0x00, 0x00, 0x00, 0x00, 
	0x00, 0x00, 0x00, 0x00, 0x00, 0x00, 0x00, 0x00, 
	0x01, 0x02, 0x02, 0x02, 0x02, 0x02, 0x02, 0x02, 
	0x02, 0x02, 0x02, 0x02, 0x02, 0x02, 0x02, 0x01, 
	0x00, 0x00, 0x00, 0x00, 0x00, 0x00, 0x00, 0x00, 
	0x00, 0x00, 0x00, 0x00, 0x00, 0x00, 0x01, 0x02, 
	0x02, 0x02, 0x02, 0x02, 0x03, 0x04, 0x05, 0x06, 
	0x06, 0x05, 0x07, 0x03, 0x02, 0x02, 0x02, 0x02, 
	0x02, 0x01, 0x00, 0x00, 0x00, 0x00, 0x00, 0x00, 
	0x00, 0x00, 0x00, 0x00, 0x00, 0x01, 0x02, 0x02, 
	0x02, 0x08, 0x09, 0x0a, 0x0b, 0x0b, 0x0b, 0x0b, 
	0x0b, 0x0b, 0x0b, 0x0b, 0x0c, 0x0d, 0x08, 0x02, 
	0x02, 0x02, 0x01, 0x00, 0x00, 0x00, 0x00, 0x00, 
	0x00, 0x00, 0x00, 0x00, 0x01, 0x02, 0x02, 0x02, 
	0x07, 0x0e, 0x0b, 0x0b, 0x0b, 0x0b, 0x0b, 0x0b, 
	0x0b, 0x0b, 0x0b, 0x0b, 0x0b, 0x0b, 0x0f, 0x10, 
	0x02, 0x02, 0x02, 0x01, 0x00, 0x00, 0x00, 0x00, 
	0x00, 0x00, 0x00, 0x01, 0x02, 0x02, 0x11, 0x12, 
	0x0b, 0x0b, 0x0b, 0x0b, 0x0b, 0x0b, 0x0b, 0x0b, 
	0x0b, 0x0b, 0x0b, 0x0b, 0x0b, 0x0b, 0x0b, 0x0b, 
	0x13, 0x11, 0x02, 0x02, 0x01, 0x00, 0x00, 0x00, 
	0x00, 0x00, 0x01, 0x02, 0x02, 0x11, 0x14, 0x0b, 
	0x0b, 0x0b, 0x0b, 0x0b, 0x0b, 0x0b, 0x0b, 0x0b, 
	0x0b, 0x0b, 0x0b, 0x0b, 0x0b, 0x0b, 0x0b, 0x0b, 
	0x0b, 0x15, 0x11, 0x02, 0x02, 0x01, 0x00, 0x00, 
	0x00, 0x00, 0x02, 0x02, 0x02, 0x12, 0x0b, 0x0b, 
	0x16, 0x0d, 0x17, 0x03, 0x18, 0x03, 0x17, 0x19, 
	0x04, 0x1a, 0x1b, 0x1c, 0x0b, 0x0b, 0x0b, 0x0b, 
	0x0b, 0x0b, 0x13, 0x02, 0x02, 0x02, 0x00, 0x00, 
	0x00, 0x01, 0x02, 0x02, 0x07, 0x0b, 0x1d, 0x10, 
	0x02, 0x02, 0x11, 0x1e, 0x10, 0x1f, 0x06, 0x20, 
	0x15, 0x15, 0x12, 0x12, 0x0c, 0x0b, 0x0b, 0x0b, 
	0x0b, 0x0b, 0x0b, 0x10, 0x02, 0x02, 0x01, 0x00, 
	0x00, 0x02, 0x02, 0x08, 0x0e, 0x0b, 0x21, 0x02, 
	0x11, 0x06, 0x1d, 0x0b, 0x0b, 0x0b, 0x0b, 0x0b, 
	0x0b, 0x0b, 0x0b, 0x0b, 0x0b, 0x0b, 0x0b, 0x0b, 
	0x0b, 0x0b, 0x0b, 0x22, 0x08, 0x02, 0x02, 0x00, 
	0x01, 0x02, 0x02, 0x09, 0x0b, 0x0b, 0x13, 0x23, 
	0x02, 0x08, 0x1a, 0x24, 0x0b, 0x0b, 0x0b, 0x0b, 
	0x0b, 0x0b, 0x0b, 0x0b, 0x0b, 0x0b, 0x0b, 0x0b, 
	0x0b, 0x0b, 0x0b, 0x0b, 0x0d, 0x02, 0x02, 0x01, 
	0x01, 0x02, 0x02, 0x0a, 0x0b, 0x0b, 0x0b, 0x1d, 
	0x05, 0x03, 0x02, 0x18, 0x1a, 0x1d, 0x0b, 0x0b, 
	0x0b, 0x0b, 0x25, 0x06, 0x19, 0x03, 0x10, 0x13, 
	0x25, 0x0b, 0x0b, 0x0b, 0x0c, 0x02, 0x02, 0x01, 
	0x02, 0x02, 0x03, 0x0b, 0x0b, 0x0b, 0x0b, 0x0b, 
	0x0b, 0x0b, 0x26, 0x0d, 0x1e, 0x08, 0x19, 0x06, 
	0x27, 0x0b, 0x0b, 0x0b, 0x0b, 0x16, 0x0d, 0x28, 
	0x23, 0x06, 0x0b, 0x0b, 0x0b, 0x03, 0x02, 0x02, 
	0x02, 0x02, 0x04, 0x0b, 0x0b, 0x0b, 0x0b, 0x0b, 
	0x0b, 0x0b, 0x27, 0x29, 0x14, 0x2a, 0x14, 0x06, 
	0x2b, 0x05, 0x12, 0x1b, 0x0f, 0x0b, 0x0b, 0x2c, 
	0x11, 0x04, 0x0b, 0x0b, 0x0b, 0x10, 0x02, 0x02, 
	0x02, 0x02, 0x05, 0x0b, 0x0b, 0x0b, 0x0b, 0x0b, 
	0x12, 0x23, 0x02, 0x19, 0x27, 0x0b, 0x0b, 0x0b, 
	0x0b, 0x0b, 0x0b, 0x0b, 0x24, 0x13, 0x03, 0x02, 
	0x02, 0x14, 0x0b, 0x0b, 0x0b, 0x1f, 0x02, 0x02, 
	0x02, 0x02, 0x06, 0x0b, 0x0b, 0x0b, 0x0b, 0x0b, 
	0x0b, 0x09, 0x03, 0x28, 0x03, 0x04, 0x1b, 0x0b, 
	0x0b, 0x2d, 0x2e, 0x04, 0x23, 0x02, 0x02, 0x08, 
	0x10, 0x1c, 0x0b, 0x0b, 0x0b, 0x2c, 0x02, 0x02, 
	0x02, 0x02, 0x06, 0x0b, 0x0b, 0x0b, 0x0b, 0x0b, 
	0x0b, 0x0b, 0x0b, 0x0b, 0x22, 0x2f, 0x2d, 0x1b, 
	0x2b, 0x17, 0x1e, 0x17, 0x19, 0x09, 0x15, 0x30, 
	0x0b, 0x0b, 0x0b, 0x0b, 0x0b, 0x2c, 0x02, 0x02, 
	0x02, 0x02, 0x05, 0x0b, 0x0b, 0x0b, 0x0b, 0x0b, 
	0x0b, 0x0b, 0x27, 0x1e, 0x23, 0x05, 0x0f, 0x0b, 
	0x0b, 0x0b, 0x0b, 0x0b, 0x0b, 0x0b, 0x0b, 0x0b, 
	0x0b, 0x0b, 0x0b, 0x0b, 0x0b, 0x1f, 0x02, 0x02, 
	0x02, 0x02, 0x04, 0x0b, 0x0b, 0x0b, 0x0b, 0x0b, 
	0x0b, 0x0b, 0x0b, 0x17, 0x10, 0x14, 0x0b, 0x0b, 
	0x0b, 0x0b, 0x0b, 0x0c, 0x0d, 0x17, 0x09, 0x24, 
	0x0b, 0x0b, 0x0b, 0x0b, 0x0b, 0x10, 0x02, 0x02, 
	0x02, 0x02, 0x03, 0x0b, 0x0b, 0x0b, 0x0b, 0x0b, 
	0x0b, 0x0b, 0x0b, 0x1d, 0x1a, 0x17, 0x28, 0x10, 
	0x1a, 0x14, 0x0f, 0x0b, 0x0b, 0x04, 0x08, 0x0b, 
	0x0b, 0x0b, 0x0b, 0x0b, 0x0b, 0x03, 0x02, 0x02, 
	0x01, 0x02, 0x02, 0x0c, 0x0b, 0x0b, 0x0b, 0x0b, 
	0x0b, 0x0b, 0x0b, 0x0b, 0x0b, 0x0b, 0x25, 0x1b, 
	0x15, 0x15, 0x16, 0x24, 0x26, 0x28, 0x05, 0x0b, 
	0x0b, 0x0b, 0x0b, 0x0b, 0x2f, 0x02, 0x02, 0x01, 
	0x01, 0x02, 0x02, 0x09, 0x0b, 0x0b, 0x0b, 0x0b, 
	0x0b, 0x0b, 0x0b, 0x0b, 0x0b, 0x0b, 0x0b, 0x16, 
	0x2c, 0x16, 0x0b, 0x16, 0x06, 0x22, 0x0b, 0x0b, 
	0x0b, 0x0b, 0x0b, 0x0b, 0x04, 0x02, 0x02, 0x01, 
	0x00, 0x02, 0x02, 0x08, 0x0f, 0x0b, 0x0b, 0x0b, 
	0x0b, 0x0b, 0x0b, 0x0b, 0x0b, 0x0b, 0x0b, 0x04, 
	0x08, 0x10, 0x1a, 0x25, 0x0b, 0x0b, 0x0b, 0x0b, 
	0x0b, 0x0b, 0x0b, 0x22, 0x08, 0x02, 0x02, 0x00, 
	0x00, 0x01, 0x02, 0x02, 0x07, 0x0b, 0x0b, 0x0b, 
	0x0b, 0x0b, 0x0b, 0x0b, 0x0b, 0x0b, 0x0b, 0x27, 
	0x31, 0x1f, 0x0b, 0x0b, 0x0b, 0x0b, 0x0b, 0x0b, 
	0x0b, 0x0b, 0x0b, 0x10, 0x02, 0x02, 0x01, 0x00, 
	0x00, 0x00, 0x02, 0x02, 0x02, 0x13, 0x0b, 0x0b, 
	0x0b, 0x0b, 0x0b, 0x0b, 0x0b, 0x0b, 0x0b, 0x0b, 
	0x0b, 0x20, 0x1b, 0x0b, 0x0b, 0x0b, 0x0b, 0x0b, 
	0x0b, 0x0b, 0x06, 0x02, 0x02, 0x02, 0x00, 0x00, 
	0x00, 0x00, 0x01, 0x02, 0x02, 0x11, 0x15, 0x0b, 
	0x0b, 0x0b, 0x0b, 0x0b, 0x0b, 0x0b, 0x0b, 0x0b, 
	0x0b, 0x0b, 0x0b, 0x0b, 0x0b, 0x0b, 0x0b, 0x0b, 
	0x0b, 0x15, 0x11, 0x02, 0x02, 0x01, 0x00, 0x00, 
	0x00, 0x00, 0x00, 0x01, 0x02, 0x02, 0x11, 0x13, 
	0x0b, 0x0b, 0x0b, 0x0b, 0x0b, 0x0b, 0x0b, 0x0b, 
	0x0b, 0x0b, 0x0b, 0x0b, 0x0b, 0x0b, 0x0b, 0x0b, 
	0x06, 0x11, 0x02, 0x02, 0x01, 0x00, 0x00, 0x00, 
	0x00, 0x00, 0x00, 0x00, 0x01, 0x02, 0x02, 0x02, 
	0x10, 0x0f, 0x0b, 0x0b, 0x0b, 0x0b, 0x0b, 0x0b, 
	0x0b, 0x0b, 0x0b, 0x0b, 0x0b, 0x0b, 0x22, 0x10, 
	0x02, 0x02, 0x02, 0x01, 0x00, 0x00, 0x00, 0x00, 
	0x00, 0x00, 0x00, 0x00, 0x00, 0x01, 0x02, 0x02, 
	0x02, 0x08, 0x0d, 0x0c, 0x0b, 0x0b, 0x0b, 0x0b, 
	0x0b, 0x0b, 0x0b, 0x0b, 0x0c, 0x04, 0x08, 0x02, 
	0x02, 0x02, 0x01, 0x00, 0x00, 0x00, 0x00, 0x00, 
	0x00, 0x00, 0x00, 0x00, 0x00, 0x00, 0x01, 0x02, 
	0x02, 0x02, 0x02, 0x02, 0x03, 0x07, 0x05, 0x2c, 
	0x2c, 0x05, 0x07, 0x03, 0x02, 0x02, 0x02, 0x02, 
	0x02, 0x01, 0x00, 0x00, 0x00, 0x00, 0x00, 0x00, 
	0x00, 0x00, 0x00, 0x00, 0x00, 0x00, 0x00, 0x00, 
	0x01, 0x02, 0x02, 0x02, 0x02, 0x02, 0x02, 0x02, 
	0x02, 0x02, 0x02, 0x02, 0x02, 0x02, 0x02, 0x01, 
	0x00, 0x00, 0x00, 0x00, 0x00, 0x00, 0x00, 0x00, 
	0x00, 0x00, 0x00, 0x00, 0x00, 0x00, 0x00, 0x00, 
	0x00, 0x00, 0x01, 0x01, 0x02, 0x02, 0x02, 0x02, 
	0x02, 0x02, 0x02, 0x02, 0x01, 0x01, 0x00, 0x00, 
	0x00, 0x00, 0x00, 0x00, 0x00, 0x00, 0x00, 0x00, 
	
};

Gfx b5_b5_ci8_pal_rgba16_aligner[] = {gsSPEndDisplayList()};
u8 b5_b5_ci8_pal_rgba16[] = {
	0x76, 0x36, 0x6e, 0x36, 0x6e, 0x37, 0x65, 0xb1, 
	0x54, 0xa9, 0x4c, 0x25, 0x43, 0xe1, 0x54, 0xeb, 
	0x6d, 0xf5, 0x54, 0x67, 0x2a, 0x53, 0x18, 0xc7, 
	0x2a, 0x55, 0x54, 0xa7, 0x21, 0xcf, 0x21, 0xd1, 
	0x5c, 0xeb, 0x6e, 0x35, 0x43, 0x9f, 0x43, 0xa1, 
	0x3b, 0x1b, 0x3b, 0x5d, 0x32, 0x97, 0x65, 0x6f, 
	0x65, 0xb3, 0x5d, 0x2d, 0x4c, 0x23, 0x32, 0xd9, 
	0x18, 0xc9, 0x21, 0x8d, 0x65, 0x71, 0x4c, 0x65, 
	0x43, 0x5f, 0x5c, 0xed, 0x29, 0xd1, 0x6d, 0xf3, 
	0x19, 0x09, 0x21, 0x4b, 0x3a, 0xd9, 0x2a, 0x13, 
	0x6d, 0xb3, 0x3a, 0xdb, 0x21, 0x8f, 0x4c, 0x67, 
	0x4b, 0xe3, 0x19, 0x0b, 0x3b, 0x1d, 0x32, 0x55, 
	0x21, 0x4d, 0x5d, 0x6f, 
};

Gfx mat_b5_f3d_material[] = {
	gsDPPipeSync(),
	gsDPSetCombineLERP(0, 0, 0, TEXEL0, 0, 0, 0, TEXEL0, 0, 0, 0, TEXEL0, 0, 0, 0, TEXEL0),
	gsSPClearGeometryMode(G_CULL_BACK),
	gsSPSetGeometryMode(G_LIGHTING),
	gsSPTexture(65535, 65535, 0, 0, 1),
	gsDPSetTextureLUT(G_TT_RGBA16),
	gsDPSetTextureImage(G_IM_FMT_RGBA, G_IM_SIZ_16b, 1, b5_b5_ci8_pal_rgba16),
	gsDPTileSync(),
	gsDPSetTile(0, 0, 0, 256, 7, 0, G_TX_WRAP | G_TX_NOMIRROR, 0, 0, G_TX_WRAP | G_TX_NOMIRROR, 0, 0),
	gsDPLoadSync(),
	gsDPLoadTLUTCmd(7, 49),
	gsDPPipeSync(),
	gsDPTileSync(),
	gsDPSetTextureImage(G_IM_FMT_CI, G_IM_SIZ_8b_LOAD_BLOCK, 1, b5_b5_ci8),
	gsDPSetTile(G_IM_FMT_CI, G_IM_SIZ_8b_LOAD_BLOCK, 0, 0, 7, 0, G_TX_CLAMP | G_TX_NOMIRROR, 5, 0, G_TX_CLAMP | G_TX_NOMIRROR, 5, 0),
	gsDPLoadSync(),
	gsDPLoadBlock(7, 0, 0, 511, 512),
	gsDPPipeSync(),
	gsDPSetTile(G_IM_FMT_CI, G_IM_SIZ_8b, 4, 0, 0, 0, G_TX_CLAMP | G_TX_NOMIRROR, 5, 0, G_TX_CLAMP | G_TX_NOMIRROR, 5, 0),
	gsDPSetTileSize(0, 0, 0, 124, 124),
    gsSPLightColor(LIGHT_1, 0xfefefeff),
    gsSPLightColor(LIGHT_2, 0x7f7f7fff),
	gsSPEndDisplayList(),
};

Gfx b5_Plane_001_mesh[] = {
	gsSPDisplayList(mat_b5_f3d_material),
	gsSPDisplayList(badge_textures_mesh_tri_0),
	gsSPDisplayList(badge_textures_mat_revert),
	gsDPPipeSync(),
	gsSPSetGeometryMode(G_LIGHTING),
	gsSPClearGeometryMode(G_TEXTURE_GEN),
	gsDPSetCombineLERP(0, 0, 0, SHADE, 0, 0, 0, ENVIRONMENT, 0, 0, 0, SHADE, 0, 0, 0, ENVIRONMENT),
	gsSPTexture(65535, 65535, 0, 0, 0),
	gsSPEndDisplayList(),
};

// ---- b6 ----
Gfx b6_b6_ci8_aligner[] = {gsSPEndDisplayList()};
u8 b6_b6_ci8[] = {
	0x00, 0x00, 0x00, 0x00, 0x00, 0x00, 0x00, 0x00, 
	0x00, 0x00, 0x00, 0x00, 0x01, 0x01, 0x01, 0x01, 
	0x01, 0x01, 0x01, 0x01, 0x00, 0x00, 0x00, 0x00, 
	0x00, 0x00, 0x00, 0x00, 0x00, 0x00, 0x00, 0x00, 
	0x00, 0x00, 0x00, 0x00, 0x00, 0x00, 0x00, 0x00, 
	0x00, 0x01, 0x01, 0x01, 0x01, 0x01, 0x01, 0x01, 
	0x01, 0x01, 0x01, 0x01, 0x01, 0x01, 0x01, 0x00, 
	0x00, 0x00, 0x00, 0x00, 0x00, 0x00, 0x00, 0x00, 
	0x00, 0x00, 0x00, 0x00, 0x00, 0x00, 0x00, 0x01, 
	0x01, 0x01, 0x01, 0x01, 0x02, 0x03, 0x04, 0x05, 
	0x05, 0x06, 0x03, 0x02, 0x01, 0x01, 0x01, 0x01, 
	0x01, 0x00, 0x00, 0x00, 0x00, 0x00, 0x00, 0x00, 
	0x00, 0x00, 0x00, 0x00, 0x00, 0x00, 0x01, 0x01, 
	0x01, 0x07, 0x08, 0x09, 0x0a, 0x0a, 0x0a, 0x0a, 
	0x0a, 0x0a, 0x0a, 0x0a, 0x0b, 0x08, 0x07, 0x01, 
	0x01, 0x01, 0x00, 0x00, 0x00, 0x00, 0x00, 0x00, 
	0x00, 0x00, 0x00, 0x00, 0x00, 0x01, 0x01, 0x01, 
	0x03, 0x0c, 0x0a, 0x0a, 0x0a, 0x0a, 0x0b, 0x0a, 
	0x0a, 0x0a, 0x0a, 0x0a, 0x0a, 0x0a, 0x0d, 0x03, 
	0x01, 0x01, 0x01, 0x00, 0x00, 0x00, 0x00, 0x00, 
	0x00, 0x00, 0x00, 0x00, 0x01, 0x01, 0x0e, 0x0f, 
	0x0a, 0x0a, 0x0a, 0x0a, 0x0a, 0x0d, 0x10, 0x0a, 
	0x0a, 0x0a, 0x0a, 0x0a, 0x0a, 0x0a, 0x0a, 0x0a, 
	0x11, 0x0e, 0x01, 0x01, 0x00, 0x00, 0x00, 0x00, 
	0x00, 0x00, 0x00, 0x01, 0x01, 0x0e, 0x12, 0x0a, 
	0x0a, 0x0a, 0x0a, 0x0a, 0x0a, 0x13, 0x01, 0x06, 
	0x0a, 0x0a, 0x0a, 0x0a, 0x0a, 0x0a, 0x0a, 0x0a, 
	0x0a, 0x14, 0x0e, 0x01, 0x01, 0x00, 0x00, 0x00, 
	0x00, 0x00, 0x01, 0x01, 0x01, 0x15, 0x0a, 0x0a, 
	0x0a, 0x0a, 0x0a, 0x16, 0x13, 0x01, 0x01, 0x01, 
	0x17, 0x0a, 0x0a, 0x0a, 0x18, 0x0a, 0x0a, 0x0a, 
	0x0a, 0x0a, 0x11, 0x01, 0x01, 0x01, 0x00, 0x00, 
	0x00, 0x00, 0x01, 0x01, 0x03, 0x0a, 0x0a, 0x0a, 
	0x0a, 0x0a, 0x0a, 0x0a, 0x19, 0x07, 0x01, 0x02, 
	0x0b, 0x0a, 0x0a, 0x1a, 0x02, 0x1b, 0x0a, 0x0a, 
	0x0a, 0x0a, 0x0a, 0x03, 0x01, 0x01, 0x00, 0x00, 
	0x00, 0x01, 0x01, 0x07, 0x1c, 0x0a, 0x0a, 0x0a, 
	0x0a, 0x0a, 0x0a, 0x0a, 0x0a, 0x15, 0x0e, 0x18, 
	0x16, 0x1d, 0x0b, 0x1e, 0x01, 0x1f, 0x1d, 0x0a, 
	0x0a, 0x0a, 0x0a, 0x0d, 0x07, 0x01, 0x01, 0x00, 
	0x00, 0x01, 0x01, 0x08, 0x0a, 0x0a, 0x0a, 0x0a, 
	0x0a, 0x0a, 0x0a, 0x0a, 0x0a, 0x0a, 0x04, 0x0a, 
	0x06, 0x04, 0x0a, 0x06, 0x0e, 0x20, 0x0a, 0x0a, 
	0x0a, 0x0a, 0x0a, 0x0a, 0x08, 0x01, 0x01, 0x00, 
	0x00, 0x01, 0x01, 0x09, 0x0a, 0x0a, 0x0a, 0x0a, 
	0x1d, 0x0a, 0x0a, 0x1b, 0x0a, 0x0a, 0x0a, 0x1d, 
	0x13, 0x03, 0x1d, 0x0a, 0x11, 0x0a, 0x0a, 0x1b, 
	0x0a, 0x0a, 0x0a, 0x0a, 0x0b, 0x01, 0x01, 0x00, 
	0x01, 0x01, 0x21, 0x0a, 0x0a, 0x0a, 0x0a, 0x0a, 
	0x22, 0x0a, 0x0a, 0x1b, 0x20, 0x0a, 0x0a, 0x0a, 
	0x0d, 0x1c, 0x0a, 0x0a, 0x0a, 0x23, 0x19, 0x16, 
	0x0a, 0x1d, 0x0a, 0x0a, 0x0a, 0x02, 0x01, 0x01, 
	0x01, 0x01, 0x03, 0x0a, 0x0a, 0x0a, 0x0a, 0x04, 
	0x01, 0x08, 0x0a, 0x0a, 0x05, 0x24, 0x12, 0x08, 
	0x03, 0x08, 0x1a, 0x0a, 0x1c, 0x05, 0x25, 0x0a, 
	0x0a, 0x08, 0x0d, 0x0a, 0x0a, 0x03, 0x01, 0x01, 
	0x01, 0x01, 0x04, 0x0a, 0x0a, 0x0a, 0x1b, 0x13, 
	0x01, 0x10, 0x0d, 0x0a, 0x20, 0x1e, 0x02, 0x08, 
	0x26, 0x22, 0x1e, 0x13, 0x08, 0x1d, 0x0a, 0x0a, 
	0x14, 0x0e, 0x13, 0x25, 0x0a, 0x06, 0x01, 0x01, 
	0x01, 0x01, 0x11, 0x0a, 0x0a, 0x0a, 0x0a, 0x25, 
	0x10, 0x1c, 0x0a, 0x27, 0x28, 0x02, 0x29, 0x0a, 
	0x0a, 0x0a, 0x11, 0x1e, 0x03, 0x0a, 0x0a, 0x2a, 
	0x13, 0x01, 0x07, 0x19, 0x0a, 0x05, 0x01, 0x01, 
	0x01, 0x01, 0x11, 0x0a, 0x0a, 0x2b, 0x16, 0x0a, 
	0x0d, 0x0a, 0x0a, 0x2c, 0x03, 0x0b, 0x07, 0x26, 
	0x14, 0x2c, 0x03, 0x1c, 0x1e, 0x18, 0x0a, 0x16, 
	0x1d, 0x21, 0x14, 0x0a, 0x0a, 0x05, 0x01, 0x01, 
	0x01, 0x01, 0x04, 0x0a, 0x25, 0x10, 0x08, 0x0a, 
	0x0a, 0x0a, 0x27, 0x0e, 0x1c, 0x0a, 0x0e, 0x01, 
	0x01, 0x10, 0x0a, 0x0a, 0x03, 0x04, 0x16, 0x13, 
	0x16, 0x20, 0x0a, 0x0a, 0x0a, 0x06, 0x01, 0x01, 
	0x01, 0x01, 0x03, 0x0a, 0x14, 0x0e, 0x28, 0x0b, 
	0x23, 0x16, 0x14, 0x10, 0x0a, 0x1b, 0x01, 0x01, 
	0x01, 0x14, 0x0a, 0x0a, 0x08, 0x08, 0x06, 0x01, 
	0x06, 0x0a, 0x0a, 0x0a, 0x0a, 0x03, 0x01, 0x01, 
	0x01, 0x01, 0x21, 0x0a, 0x0a, 0x06, 0x19, 0x0a, 
	0x05, 0x06, 0x15, 0x1f, 0x0a, 0x26, 0x01, 0x01, 
	0x01, 0x09, 0x0a, 0x0a, 0x13, 0x26, 0x23, 0x2d, 
	0x23, 0x1d, 0x0a, 0x0a, 0x0a, 0x02, 0x01, 0x01, 
	0x00, 0x01, 0x01, 0x09, 0x0a, 0x16, 0x0a, 0x1d, 
	0x13, 0x2e, 0x20, 0x1e, 0x19, 0x28, 0x03, 0x2c, 
	0x01, 0x19, 0x0a, 0x0d, 0x07, 0x0b, 0x0a, 0x1d, 
	0x0a, 0x2d, 0x23, 0x0a, 0x0b, 0x01, 0x01, 0x00, 
	0x00, 0x01, 0x01, 0x08, 0x0a, 0x0a, 0x0a, 0x0a, 
	0x27, 0x18, 0x0a, 0x21, 0x21, 0x27, 0x0a, 0x0a, 
	0x0f, 0x03, 0x1d, 0x13, 0x03, 0x0a, 0x0a, 0x0a, 
	0x22, 0x01, 0x03, 0x0a, 0x08, 0x01, 0x01, 0x00, 
	0x00, 0x01, 0x01, 0x07, 0x1c, 0x0a, 0x0a, 0x0a, 
	0x0a, 0x0a, 0x12, 0x22, 0x1e, 0x06, 0x16, 0x0a, 
	0x0a, 0x2c, 0x10, 0x10, 0x16, 0x0a, 0x0a, 0x0a, 
	0x19, 0x0e, 0x14, 0x0d, 0x07, 0x01, 0x01, 0x00, 
	0x00, 0x00, 0x01, 0x01, 0x03, 0x0a, 0x0a, 0x0a, 
	0x0a, 0x19, 0x29, 0x0a, 0x18, 0x10, 0x0e, 0x02, 
	0x28, 0x1e, 0x13, 0x1d, 0x0a, 0x0a, 0x0a, 0x0a, 
	0x0a, 0x12, 0x0a, 0x03, 0x01, 0x01, 0x00, 0x00, 
	0x00, 0x00, 0x01, 0x01, 0x01, 0x15, 0x0a, 0x0a, 
	0x2b, 0x18, 0x0a, 0x0a, 0x0a, 0x0a, 0x27, 0x19, 
	0x18, 0x1d, 0x19, 0x1c, 0x0a, 0x0a, 0x0a, 0x0a, 
	0x0a, 0x0a, 0x11, 0x01, 0x01, 0x01, 0x00, 0x00, 
	0x00, 0x00, 0x00, 0x01, 0x01, 0x0e, 0x19, 0x1b, 
	0x24, 0x0a, 0x0a, 0x0a, 0x0a, 0x0a, 0x0a, 0x0a, 
	0x0a, 0x0a, 0x0a, 0x27, 0x0a, 0x0a, 0x0a, 0x0a, 
	0x0a, 0x12, 0x0e, 0x01, 0x01, 0x00, 0x00, 0x00, 
	0x00, 0x00, 0x00, 0x00, 0x01, 0x01, 0x0e, 0x15, 
	0x0a, 0x0a, 0x0a, 0x0a, 0x0a, 0x0a, 0x0a, 0x0a, 
	0x0a, 0x0a, 0x0a, 0x0a, 0x0a, 0x0a, 0x0a, 0x0a, 
	0x0f, 0x0e, 0x01, 0x01, 0x00, 0x00, 0x00, 0x00, 
	0x00, 0x00, 0x00, 0x00, 0x00, 0x01, 0x01, 0x01, 
	0x03, 0x1c, 0x0a, 0x0a, 0x0a, 0x0a, 0x0a, 0x0a, 
	0x0a, 0x0a, 0x0a, 0x0a, 0x0a, 0x0a, 0x0c, 0x03, 
	0x01, 0x01, 0x01, 0x00, 0x00, 0x00, 0x00, 0x00, 
	0x00, 0x00, 0x00, 0x00, 0x00, 0x00, 0x01, 0x01, 
	0x01, 0x07, 0x08, 0x09, 0x0a, 0x0a, 0x0a, 0x0a, 
	0x0a, 0x0a, 0x0a, 0x0a, 0x0b, 0x08, 0x07, 0x01, 
	0x01, 0x01, 0x00, 0x00, 0x00, 0x00, 0x00, 0x00, 
	0x00, 0x00, 0x00, 0x00, 0x00, 0x00, 0x00, 0x01, 
	0x01, 0x01, 0x01, 0x01, 0x21, 0x03, 0x04, 0x11, 
	0x11, 0x04, 0x03, 0x02, 0x01, 0x01, 0x01, 0x01, 
	0x01, 0x00, 0x00, 0x00, 0x00, 0x00, 0x00, 0x00, 
	0x00, 0x00, 0x00, 0x00, 0x00, 0x00, 0x00, 0x00, 
	0x00, 0x01, 0x01, 0x01, 0x01, 0x01, 0x01, 0x01, 
	0x01, 0x01, 0x01, 0x01, 0x01, 0x01, 0x01, 0x00, 
	0x00, 0x00, 0x00, 0x00, 0x00, 0x00, 0x00, 0x00, 
	0x00, 0x00, 0x00, 0x00, 0x00, 0x00, 0x00, 0x00, 
	0x00, 0x00, 0x00, 0x00, 0x01, 0x01, 0x01, 0x01, 
	0x01, 0x01, 0x01, 0x01, 0x00, 0x00, 0x00, 0x00, 
	0x00, 0x00, 0x00, 0x00, 0x00, 0x00, 0x00, 0x00, 
	
};

Gfx b6_b6_ci8_pal_rgba16_aligner[] = {gsSPEndDisplayList()};
u8 b6_b6_ci8_pal_rgba16[] = {
	0x76, 0x2c, 0x76, 0x2d, 0x6d, 0xa9, 0x5c, 0xe3, 
	0x54, 0x1f, 0x4b, 0xdd, 0x54, 0x5f, 0x75, 0xeb, 
	0x54, 0xa1, 0x2a, 0x51, 0x18, 0xc7, 0x32, 0x51, 
	0x29, 0xcd, 0x29, 0xcf, 0x76, 0x2b, 0x4b, 0x9b, 
	0x65, 0x67, 0x4b, 0xdb, 0x43, 0x57, 0x65, 0x25, 
	0x43, 0x59, 0x43, 0x9b, 0x21, 0x4b, 0x54, 0x61, 
	0x32, 0x93, 0x3b, 0x17, 0x3b, 0x15, 0x21, 0x8b, 
	0x21, 0xcd, 0x19, 0x09, 0x6d, 0xeb, 0x65, 0x65, 
	0x3a, 0xd5, 0x6d, 0xa7, 0x5c, 0xa1, 0x19, 0x07, 
	0x21, 0x8d, 0x21, 0x49, 0x4c, 0x1d, 0x2a, 0x0f, 
	0x6d, 0xe9, 0x43, 0x99, 0x19, 0x49, 0x32, 0xd3, 
	0x5d, 0x25, 0x5c, 0xa3, 0x6d, 0x67, 
};

Gfx mat_b6_f3d_material[] = {
	gsDPPipeSync(),
	gsDPSetCombineLERP(0, 0, 0, TEXEL0, 0, 0, 0, TEXEL0, 0, 0, 0, TEXEL0, 0, 0, 0, TEXEL0),
	gsSPClearGeometryMode(G_CULL_BACK),
	gsSPSetGeometryMode(G_LIGHTING),
	gsSPTexture(65535, 65535, 0, 0, 1),
	gsDPSetTextureLUT(G_TT_RGBA16),
	gsDPSetTextureImage(G_IM_FMT_RGBA, G_IM_SIZ_16b, 1, b6_b6_ci8_pal_rgba16),
	gsDPTileSync(),
	gsDPSetTile(0, 0, 0, 256, 7, 0, G_TX_WRAP | G_TX_NOMIRROR, 0, 0, G_TX_WRAP | G_TX_NOMIRROR, 0, 0),
	gsDPLoadSync(),
	gsDPLoadTLUTCmd(7, 46),
	gsDPPipeSync(),
	gsDPTileSync(),
	gsDPSetTextureImage(G_IM_FMT_CI, G_IM_SIZ_8b_LOAD_BLOCK, 1, b6_b6_ci8),
	gsDPSetTile(G_IM_FMT_CI, G_IM_SIZ_8b_LOAD_BLOCK, 0, 0, 7, 0, G_TX_CLAMP | G_TX_NOMIRROR, 5, 0, G_TX_CLAMP | G_TX_NOMIRROR, 5, 0),
	gsDPLoadSync(),
	gsDPLoadBlock(7, 0, 0, 511, 512),
	gsDPPipeSync(),
	gsDPSetTile(G_IM_FMT_CI, G_IM_SIZ_8b, 4, 0, 0, 0, G_TX_CLAMP | G_TX_NOMIRROR, 5, 0, G_TX_CLAMP | G_TX_NOMIRROR, 5, 0),
	gsDPSetTileSize(0, 0, 0, 124, 124),
    gsSPLightColor(LIGHT_1, 0xfefefeff),
    gsSPLightColor(LIGHT_2, 0x7f7f7fff),
	gsSPEndDisplayList(),
};

Gfx b6_Plane_001_mesh[] = {
	gsSPDisplayList(mat_b6_f3d_material),
	gsSPDisplayList(badge_textures_mesh_tri_0),
	gsSPDisplayList(badge_textures_mat_revert),
	gsDPPipeSync(),
	gsSPSetGeometryMode(G_LIGHTING),
	gsSPClearGeometryMode(G_TEXTURE_GEN),
	gsDPSetCombineLERP(0, 0, 0, SHADE, 0, 0, 0, ENVIRONMENT, 0, 0, 0, SHADE, 0, 0, 0, ENVIRONMENT),
	gsSPTexture(65535, 65535, 0, 0, 0),
	gsSPEndDisplayList(),
};

// ---- b7 ----
Gfx b7_b7_ci8_aligner[] = {gsSPEndDisplayList()};
u8 b7_b7_ci8[] = {
	0x00, 0x00, 0x00, 0x00, 0x00, 0x00, 0x00, 0x00, 
	0x00, 0x00, 0x00, 0x00, 0x01, 0x01, 0x01, 0x01, 
	0x01, 0x01, 0x01, 0x01, 0x00, 0x00, 0x00, 0x00, 
	0x00, 0x00, 0x00, 0x00, 0x00, 0x00, 0x00, 0x00, 
	0x00, 0x00, 0x00, 0x00, 0x00, 0x00, 0x00, 0x00, 
	0x00, 0x01, 0x01, 0x01, 0x01, 0x01, 0x01, 0x01, 
	0x01, 0x01, 0x01, 0x01, 0x01, 0x01, 0x01, 0x00, 
	0x00, 0x00, 0x00, 0x00, 0x00, 0x00, 0x00, 0x00, 
	0x00, 0x00, 0x00, 0x00, 0x00, 0x00, 0x00, 0x01, 
	0x01, 0x01, 0x01, 0x01, 0x02, 0x03, 0x04, 0x05, 
	0x05, 0x04, 0x03, 0x02, 0x01, 0x01, 0x01, 0x01, 
	0x01, 0x00, 0x00, 0x00, 0x00, 0x00, 0x00, 0x00, 
	0x00, 0x00, 0x00, 0x00, 0x00, 0x00, 0x01, 0x01, 
	0x01, 0x06, 0x07, 0x08, 0x09, 0x09, 0x09, 0x09, 
	0x09, 0x09, 0x09, 0x09, 0x08, 0x07, 0x06, 0x01, 
	0x01, 0x01, 0x00, 0x00, 0x00, 0x00, 0x00, 0x00, 
	0x00, 0x00, 0x00, 0x00, 0x00, 0x01, 0x01, 0x01, 
	0x0a, 0x0b, 0x09, 0x09, 0x09, 0x09, 0x09, 0x09, 
	0x09, 0x09, 0x09, 0x09, 0x09, 0x09, 0x0b, 0x0a, 
	0x01, 0x01, 0x01, 0x00, 0x00, 0x00, 0x00, 0x00, 
	0x00, 0x00, 0x00, 0x00, 0x01, 0x01, 0x0c, 0x0d, 
	0x09, 0x09, 0x09, 0x09, 0x09, 0x09, 0x09, 0x09, 
	0x09, 0x09, 0x09, 0x09, 0x09, 0x09, 0x09, 0x09, 
	0x0d, 0x0c, 0x01, 0x01, 0x00, 0x00, 0x00, 0x00, 
	0x00, 0x00, 0x00, 0x01, 0x01, 0x0c, 0x0e, 0x09, 
	0x09, 0x09, 0x09, 0x09, 0x09, 0x09, 0x0f, 0x10, 
	0x11, 0x0f, 0x09, 0x09, 0x09, 0x09, 0x09, 0x09, 
	0x09, 0x0e, 0x0c, 0x01, 0x01, 0x00, 0x00, 0x00, 
	0x00, 0x00, 0x01, 0x01, 0x01, 0x0d, 0x09, 0x09, 
	0x09, 0x09, 0x09, 0x09, 0x09, 0x0d, 0x12, 0x06, 
	0x02, 0x13, 0x14, 0x09, 0x09, 0x09, 0x09, 0x09, 
	0x09, 0x09, 0x0d, 0x01, 0x01, 0x01, 0x00, 0x00, 
	0x00, 0x00, 0x01, 0x01, 0x0a, 0x09, 0x09, 0x09, 
	0x09, 0x09, 0x09, 0x09, 0x08, 0x06, 0x01, 0x01, 
	0x01, 0x01, 0x15, 0x09, 0x09, 0x09, 0x09, 0x09, 
	0x09, 0x09, 0x09, 0x0a, 0x01, 0x01, 0x00, 0x00, 
	0x00, 0x01, 0x01, 0x06, 0x16, 0x09, 0x09, 0x09, 
	0x09, 0x09, 0x09, 0x09, 0x17, 0x01, 0x01, 0x01, 
	0x01, 0x01, 0x18, 0x11, 0x09, 0x09, 0x09, 0x09, 
	0x09, 0x09, 0x09, 0x16, 0x06, 0x01, 0x01, 0x00, 
	0x00, 0x01, 0x01, 0x07, 0x09, 0x09, 0x09, 0x09, 
	0x09, 0x09, 0x09, 0x09, 0x13, 0x01, 0x01, 0x01, 
	0x01, 0x01, 0x01, 0x10, 0x09, 0x09, 0x09, 0x09, 
	0x09, 0x09, 0x09, 0x09, 0x07, 0x01, 0x01, 0x00, 
	0x00, 0x01, 0x01, 0x19, 0x09, 0x09, 0x09, 0x1a, 
	0x1b, 0x0a, 0x04, 0x08, 0x1c, 0x01, 0x01, 0x01, 
	0x01, 0x01, 0x01, 0x1d, 0x10, 0x1e, 0x1b, 0x07, 
	0x09, 0x09, 0x09, 0x09, 0x08, 0x01, 0x01, 0x00, 
	0x01, 0x01, 0x12, 0x09, 0x09, 0x09, 0x10, 0x02, 
	0x01, 0x01, 0x01, 0x01, 0x06, 0x01, 0x01, 0x01, 
	0x01, 0x01, 0x01, 0x06, 0x01, 0x01, 0x01, 0x06, 
	0x1f, 0x09, 0x09, 0x09, 0x09, 0x12, 0x01, 0x01, 
	0x01, 0x01, 0x0a, 0x09, 0x09, 0x09, 0x20, 0x01, 
	0x01, 0x01, 0x01, 0x01, 0x01, 0x01, 0x01, 0x01, 
	0x01, 0x01, 0x01, 0x01, 0x01, 0x01, 0x01, 0x01, 
	0x12, 0x21, 0x09, 0x09, 0x09, 0x0a, 0x01, 0x01, 
	0x01, 0x01, 0x04, 0x09, 0x09, 0x09, 0x22, 0x01, 
	0x01, 0x01, 0x01, 0x01, 0x01, 0x01, 0x1f, 0x1b, 
	0x23, 0x01, 0x01, 0x01, 0x01, 0x01, 0x01, 0x01, 
	0x24, 0x09, 0x09, 0x09, 0x09, 0x04, 0x01, 0x01, 
	0x01, 0x01, 0x1d, 0x09, 0x09, 0x09, 0x0b, 0x06, 
	0x01, 0x01, 0x01, 0x01, 0x01, 0x01, 0x1e, 0x09, 
	0x25, 0x06, 0x01, 0x01, 0x01, 0x01, 0x01, 0x01, 
	0x07, 0x09, 0x09, 0x09, 0x09, 0x1d, 0x01, 0x01, 
	0x01, 0x01, 0x1d, 0x09, 0x09, 0x09, 0x09, 0x26, 
	0x01, 0x01, 0x01, 0x01, 0x01, 0x01, 0x0a, 0x27, 
	0x05, 0x12, 0x01, 0x01, 0x01, 0x01, 0x01, 0x13, 
	0x0f, 0x09, 0x09, 0x09, 0x09, 0x1d, 0x01, 0x01, 
	0x01, 0x01, 0x04, 0x09, 0x09, 0x09, 0x09, 0x09, 
	0x1a, 0x28, 0x01, 0x01, 0x01, 0x01, 0x01, 0x28, 
	0x01, 0x01, 0x01, 0x01, 0x01, 0x06, 0x07, 0x0f, 
	0x09, 0x09, 0x09, 0x09, 0x09, 0x04, 0x01, 0x01, 
	0x01, 0x01, 0x0a, 0x09, 0x09, 0x09, 0x09, 0x09, 
	0x09, 0x29, 0x01, 0x01, 0x01, 0x01, 0x01, 0x01, 
	0x01, 0x01, 0x01, 0x01, 0x01, 0x01, 0x0e, 0x09, 
	0x09, 0x09, 0x09, 0x09, 0x09, 0x0a, 0x01, 0x01, 
	0x01, 0x01, 0x12, 0x09, 0x09, 0x09, 0x09, 0x09, 
	0x10, 0x01, 0x01, 0x01, 0x01, 0x01, 0x01, 0x01, 
	0x01, 0x01, 0x01, 0x01, 0x01, 0x01, 0x02, 0x09, 
	0x09, 0x09, 0x09, 0x09, 0x09, 0x12, 0x01, 0x01, 
	0x00, 0x01, 0x01, 0x19, 0x09, 0x09, 0x09, 0x09, 
	0x03, 0x01, 0x01, 0x01, 0x01, 0x01, 0x01, 0x01, 
	0x01, 0x01, 0x01, 0x01, 0x01, 0x01, 0x01, 0x16, 
	0x09, 0x09, 0x09, 0x09, 0x19, 0x01, 0x01, 0x00, 
	0x00, 0x01, 0x01, 0x17, 0x09, 0x09, 0x09, 0x09, 
	0x0a, 0x01, 0x01, 0x01, 0x01, 0x01, 0x01, 0x12, 
	0x01, 0x01, 0x01, 0x01, 0x01, 0x01, 0x01, 0x08, 
	0x09, 0x09, 0x09, 0x09, 0x17, 0x01, 0x01, 0x00, 
	0x00, 0x01, 0x01, 0x06, 0x16, 0x09, 0x09, 0x09, 
	0x1d, 0x06, 0x01, 0x01, 0x01, 0x01, 0x06, 0x19, 
	0x1e, 0x01, 0x01, 0x01, 0x01, 0x01, 0x02, 0x2a, 
	0x09, 0x09, 0x09, 0x16, 0x06, 0x01, 0x01, 0x00, 
	0x00, 0x00, 0x01, 0x01, 0x0a, 0x09, 0x09, 0x09, 
	0x09, 0x0a, 0x02, 0x01, 0x01, 0x13, 0x2b, 0x09, 
	0x09, 0x2c, 0x06, 0x01, 0x01, 0x1b, 0x0e, 0x09, 
	0x09, 0x09, 0x09, 0x0a, 0x01, 0x01, 0x00, 0x00, 
	0x00, 0x00, 0x01, 0x01, 0x01, 0x0d, 0x09, 0x09, 
	0x09, 0x09, 0x2b, 0x26, 0x2d, 0x09, 0x09, 0x09, 
	0x09, 0x09, 0x14, 0x0e, 0x26, 0x21, 0x09, 0x09, 
	0x09, 0x09, 0x0d, 0x01, 0x01, 0x01, 0x00, 0x00, 
	0x00, 0x00, 0x00, 0x01, 0x01, 0x0c, 0x0e, 0x09, 
	0x09, 0x09, 0x09, 0x09, 0x09, 0x09, 0x09, 0x09, 
	0x09, 0x09, 0x09, 0x09, 0x09, 0x09, 0x09, 0x09, 
	0x09, 0x0e, 0x0c, 0x01, 0x01, 0x00, 0x00, 0x00, 
	0x00, 0x00, 0x00, 0x00, 0x01, 0x01, 0x0c, 0x0d, 
	0x09, 0x09, 0x09, 0x09, 0x09, 0x09, 0x09, 0x09, 
	0x09, 0x09, 0x09, 0x09, 0x09, 0x09, 0x09, 0x09, 
	0x0d, 0x0c, 0x01, 0x01, 0x00, 0x00, 0x00, 0x00, 
	0x00, 0x00, 0x00, 0x00, 0x00, 0x01, 0x01, 0x01, 
	0x0a, 0x16, 0x09, 0x09, 0x09, 0x09, 0x09, 0x09, 
	0x09, 0x09, 0x09, 0x09, 0x09, 0x09, 0x16, 0x0a, 
	0x01, 0x01, 0x01, 0x00, 0x00, 0x00, 0x00, 0x00, 
	0x00, 0x00, 0x00, 0x00, 0x00, 0x00, 0x01, 0x01, 
	0x01, 0x06, 0x07, 0x08, 0x09, 0x09, 0x09, 0x09, 
	0x09, 0x09, 0x09, 0x09, 0x08, 0x07, 0x06, 0x01, 
	0x01, 0x01, 0x00, 0x00, 0x00, 0x00, 0x00, 0x00, 
	0x00, 0x00, 0x00, 0x00, 0x00, 0x00, 0x00, 0x01, 
	0x01, 0x01, 0x01, 0x01, 0x12, 0x03, 0x04, 0x1d, 
	0x1d, 0x04, 0x03, 0x12, 0x01, 0x01, 0x01, 0x01, 
	0x01, 0x00, 0x00, 0x00, 0x00, 0x00, 0x00, 0x00, 
	0x00, 0x00, 0x00, 0x00, 0x00, 0x00, 0x00, 0x00, 
	0x00, 0x01, 0x01, 0x01, 0x01, 0x01, 0x01, 0x01, 
	0x01, 0x01, 0x01, 0x01, 0x01, 0x01, 0x01, 0x00, 
	0x00, 0x00, 0x00, 0x00, 0x00, 0x00, 0x00, 0x00, 
	0x00, 0x00, 0x00, 0x00, 0x00, 0x00, 0x00, 0x00, 
	0x00, 0x00, 0x00, 0x00, 0x01, 0x01, 0x01, 0x01, 
	0x01, 0x01, 0x01, 0x01, 0x00, 0x00, 0x00, 0x00, 
	0x00, 0x00, 0x00, 0x00, 0x00, 0x00, 0x00, 0x00, 
	
};

Gfx b7_b7_ci8_pal_rgba16_aligner[] = {gsSPEndDisplayList()};
u8 b7_b7_ci8_pal_rgba16[] = {
	0xfc, 0xb2, 0xfc, 0xb3, 0xe4, 0x2d, 0xc3, 0xa7, 
	0xab, 0x23, 0x9a, 0xdf, 0xf4, 0x71, 0xb3, 0x65, 
	0x59, 0xd3, 0x18, 0xc7, 0xc3, 0xa9, 0x49, 0x4f, 
	0xf4, 0x73, 0x92, 0xdf, 0x82, 0x5b, 0x31, 0x0b, 
	0x8a, 0x9d, 0x41, 0x4f, 0xe4, 0x2f, 0xdc, 0x2d, 
	0x39, 0x4d, 0xbb, 0xa7, 0x49, 0x91, 0xbb, 0x65, 
	0xf4, 0xb3, 0x61, 0xd5, 0x72, 0x59, 0xcb, 0xa9, 
	0xec, 0x2f, 0x9a, 0xe1, 0xbb, 0x67, 0xcb, 0xeb, 
	0x92, 0x9f, 0x20, 0xc9, 0xa3, 0x21, 0xa3, 0x23, 
	0xec, 0x71, 0x51, 0x91, 0x92, 0x9d, 0x51, 0x93, 
	0xdb, 0xed, 0xd3, 0xeb, 0x20, 0xc7, 0x6a, 0x17, 
	0xab, 0x25, 0x62, 0x15, 
};

Gfx mat_b7_f3d_material[] = {
	gsDPPipeSync(),
	gsDPSetCombineLERP(0, 0, 0, TEXEL0, 0, 0, 0, TEXEL0, 0, 0, 0, TEXEL0, 0, 0, 0, TEXEL0),
	gsSPClearGeometryMode(G_CULL_BACK),
	gsSPSetGeometryMode(G_LIGHTING),
	gsSPTexture(65535, 65535, 0, 0, 1),
	gsDPSetTextureLUT(G_TT_RGBA16),
	gsDPSetTextureImage(G_IM_FMT_RGBA, G_IM_SIZ_16b, 1, b7_b7_ci8_pal_rgba16),
	gsDPTileSync(),
	gsDPSetTile(0, 0, 0, 256, 7, 0, G_TX_WRAP | G_TX_NOMIRROR, 0, 0, G_TX_WRAP | G_TX_NOMIRROR, 0, 0),
	gsDPLoadSync(),
	gsDPLoadTLUTCmd(7, 45),
	gsDPPipeSync(),
	gsDPTileSync(),
	gsDPSetTextureImage(G_IM_FMT_CI, G_IM_SIZ_8b_LOAD_BLOCK, 1, b7_b7_ci8),
	gsDPSetTile(G_IM_FMT_CI, G_IM_SIZ_8b_LOAD_BLOCK, 0, 0, 7, 0, G_TX_CLAMP | G_TX_NOMIRROR, 5, 0, G_TX_CLAMP | G_TX_NOMIRROR, 5, 0),
	gsDPLoadSync(),
	gsDPLoadBlock(7, 0, 0, 511, 512),
	gsDPPipeSync(),
	gsDPSetTile(G_IM_FMT_CI, G_IM_SIZ_8b, 4, 0, 0, 0, G_TX_CLAMP | G_TX_NOMIRROR, 5, 0, G_TX_CLAMP | G_TX_NOMIRROR, 5, 0),
	gsDPSetTileSize(0, 0, 0, 124, 124),
    gsSPLightColor(LIGHT_1, 0xfefefeff),
    gsSPLightColor(LIGHT_2, 0x7f7f7fff),
	gsSPEndDisplayList(),
};

Gfx b7_Plane_001_mesh[] = {
	gsSPDisplayList(mat_b7_f3d_material),
	gsSPDisplayList(badge_textures_mesh_tri_0),
	gsSPDisplayList(badge_textures_mat_revert),
	gsDPPipeSync(),
	gsSPSetGeometryMode(G_LIGHTING),
	gsSPClearGeometryMode(G_TEXTURE_GEN),
	gsDPSetCombineLERP(0, 0, 0, SHADE, 0, 0, 0, ENVIRONMENT, 0, 0, 0, SHADE, 0, 0, 0, ENVIRONMENT),
	gsSPTexture(65535, 65535, 0, 0, 0),
	gsSPEndDisplayList(),
};

// ---- b8 ----
Gfx b8_b8_ci8_aligner[] = {gsSPEndDisplayList()};
u8 b8_b8_ci8[] = {
	0x00, 0x00, 0x00, 0x00, 0x00, 0x00, 0x00, 0x00, 
	0x00, 0x00, 0x00, 0x00, 0x01, 0x01, 0x01, 0x01, 
	0x01, 0x01, 0x01, 0x01, 0x00, 0x00, 0x00, 0x00, 
	0x00, 0x00, 0x00, 0x00, 0x00, 0x00, 0x00, 0x00, 
	0x00, 0x00, 0x00, 0x00, 0x00, 0x00, 0x00, 0x00, 
	0x00, 0x01, 0x01, 0x01, 0x01, 0x01, 0x01, 0x01, 
	0x01, 0x01, 0x01, 0x01, 0x01, 0x01, 0x01, 0x00, 
	0x00, 0x00, 0x00, 0x00, 0x00, 0x00, 0x00, 0x00, 
	0x00, 0x00, 0x00, 0x00, 0x00, 0x00, 0x00, 0x01, 
	0x01, 0x01, 0x01, 0x01, 0x02, 0x03, 0x04, 0x05, 
	0x05, 0x04, 0x03, 0x06, 0x01, 0x01, 0x01, 0x01, 
	0x01, 0x00, 0x00, 0x00, 0x00, 0x00, 0x00, 0x00, 
	0x00, 0x00, 0x00, 0x00, 0x00, 0x00, 0x01, 0x01, 
	0x01, 0x07, 0x08, 0x09, 0x0a, 0x0a, 0x0a, 0x0a, 
	0x0a, 0x0a, 0x0a, 0x0a, 0x09, 0x0b, 0x07, 0x01, 
	0x01, 0x01, 0x00, 0x00, 0x00, 0x00, 0x00, 0x00, 
	0x00, 0x00, 0x00, 0x00, 0x00, 0x01, 0x01, 0x01, 
	0x0c, 0x0d, 0x0a, 0x0a, 0x0a, 0x0a, 0x0a, 0x0a, 
	0x0a, 0x0a, 0x0a, 0x0a, 0x0a, 0x0a, 0x0e, 0x03, 
	0x01, 0x01, 0x01, 0x00, 0x00, 0x00, 0x00, 0x00, 
	0x00, 0x00, 0x00, 0x00, 0x01, 0x01, 0x07, 0x0f, 
	0x0a, 0x0a, 0x0a, 0x0a, 0x0a, 0x0a, 0x0a, 0x0a, 
	0x0a, 0x0a, 0x0a, 0x0a, 0x0a, 0x0a, 0x0a, 0x0a, 
	0x0f, 0x07, 0x01, 0x01, 0x00, 0x00, 0x00, 0x00, 
	0x00, 0x00, 0x00, 0x01, 0x01, 0x07, 0x10, 0x0a, 
	0x0a, 0x0a, 0x0a, 0x0a, 0x11, 0x12, 0x13, 0x13, 
	0x13, 0x13, 0x05, 0x09, 0x0a, 0x0a, 0x0a, 0x0a, 
	0x0a, 0x10, 0x07, 0x01, 0x01, 0x00, 0x00, 0x00, 
	0x00, 0x00, 0x01, 0x01, 0x01, 0x14, 0x0a, 0x0a, 
	0x0a, 0x0a, 0x15, 0x16, 0x17, 0x18, 0x02, 0x19, 
	0x1a, 0x0b, 0x03, 0x1b, 0x03, 0x1c, 0x0a, 0x0a, 
	0x0a, 0x0a, 0x0f, 0x01, 0x01, 0x01, 0x00, 0x00, 
	0x00, 0x00, 0x01, 0x01, 0x0c, 0x0a, 0x0a, 0x0a, 
	0x0a, 0x15, 0x1b, 0x04, 0x1d, 0x13, 0x17, 0x11, 
	0x1e, 0x13, 0x12, 0x1f, 0x03, 0x20, 0x21, 0x0a, 
	0x0a, 0x0a, 0x0a, 0x03, 0x01, 0x01, 0x00, 0x00, 
	0x00, 0x01, 0x01, 0x07, 0x0d, 0x0a, 0x0a, 0x0a, 
	0x0a, 0x1a, 0x13, 0x0a, 0x10, 0x17, 0x1f, 0x0c, 
	0x12, 0x22, 0x23, 0x03, 0x12, 0x03, 0x03, 0x0a, 
	0x0a, 0x0a, 0x0a, 0x0e, 0x07, 0x01, 0x01, 0x00, 
	0x00, 0x01, 0x01, 0x08, 0x0a, 0x0a, 0x0a, 0x0a, 
	0x24, 0x17, 0x25, 0x1d, 0x17, 0x10, 0x26, 0x11, 
	0x0a, 0x0a, 0x0a, 0x0a, 0x13, 0x05, 0x1b, 0x27, 
	0x0a, 0x0a, 0x0a, 0x0a, 0x0b, 0x01, 0x01, 0x00, 
	0x00, 0x01, 0x01, 0x1f, 0x0a, 0x0a, 0x0a, 0x0a, 
	0x0c, 0x12, 0x0a, 0x28, 0x20, 0x05, 0x0f, 0x0a, 
	0x0a, 0x0a, 0x0a, 0x0a, 0x0a, 0x26, 0x04, 0x26, 
	0x0a, 0x0a, 0x0a, 0x0a, 0x09, 0x01, 0x01, 0x00, 
	0x01, 0x01, 0x17, 0x0a, 0x0a, 0x0a, 0x0a, 0x25, 
	0x29, 0x2a, 0x0a, 0x0c, 0x05, 0x26, 0x0a, 0x0a, 
	0x0a, 0x0a, 0x0a, 0x0a, 0x0a, 0x1e, 0x13, 0x29, 
	0x25, 0x0a, 0x0a, 0x0a, 0x0a, 0x06, 0x01, 0x01, 
	0x01, 0x01, 0x03, 0x0a, 0x0a, 0x0a, 0x0a, 0x22, 
	0x20, 0x0a, 0x0a, 0x17, 0x23, 0x0b, 0x0a, 0x0a, 
	0x0a, 0x15, 0x2b, 0x0a, 0x0a, 0x0a, 0x0c, 0x20, 
	0x24, 0x0a, 0x0a, 0x0a, 0x0a, 0x03, 0x01, 0x01, 
	0x01, 0x01, 0x13, 0x0a, 0x0a, 0x0a, 0x0a, 0x14, 
	0x0c, 0x0a, 0x25, 0x07, 0x28, 0x0f, 0x0a, 0x0a, 
	0x2c, 0x03, 0x20, 0x2d, 0x0a, 0x0a, 0x03, 0x0c, 
	0x05, 0x0a, 0x0a, 0x0a, 0x0a, 0x04, 0x01, 0x01, 
	0x01, 0x01, 0x05, 0x0a, 0x0a, 0x0a, 0x0a, 0x12, 
	0x2e, 0x0a, 0x0d, 0x1b, 0x05, 0x23, 0x0a, 0x0f, 
	0x01, 0x01, 0x01, 0x07, 0x23, 0x0a, 0x03, 0x2e, 
	0x2f, 0x0a, 0x0a, 0x0a, 0x0a, 0x05, 0x01, 0x01, 
	0x01, 0x01, 0x05, 0x0a, 0x0a, 0x0a, 0x0a, 0x12, 
	0x2e, 0x0a, 0x0d, 0x1b, 0x05, 0x10, 0x0a, 0x0a, 
	0x13, 0x01, 0x01, 0x2e, 0x0a, 0x0a, 0x03, 0x2e, 
	0x2f, 0x0a, 0x0a, 0x0a, 0x0a, 0x05, 0x01, 0x01, 
	0x01, 0x01, 0x13, 0x0a, 0x0a, 0x0a, 0x0a, 0x0f, 
	0x26, 0x0a, 0x25, 0x07, 0x10, 0x05, 0x0a, 0x0a, 
	0x04, 0x1b, 0x20, 0x03, 0x0a, 0x0a, 0x0c, 0x0c, 
	0x05, 0x0a, 0x0a, 0x0a, 0x0a, 0x04, 0x01, 0x01, 
	0x01, 0x01, 0x03, 0x0a, 0x0a, 0x0a, 0x0a, 0x11, 
	0x17, 0x0a, 0x0a, 0x17, 0x11, 0x03, 0x0a, 0x0a, 
	0x23, 0x2c, 0x0a, 0x15, 0x0a, 0x2a, 0x2e, 0x20, 
	0x24, 0x0a, 0x0a, 0x0a, 0x0a, 0x03, 0x01, 0x01, 
	0x01, 0x01, 0x17, 0x0a, 0x0a, 0x0a, 0x0a, 0x0a, 
	0x1b, 0x09, 0x0a, 0x0c, 0x05, 0x03, 0x2a, 0x0a, 
	0x0a, 0x0a, 0x0a, 0x0a, 0x0a, 0x12, 0x28, 0x29, 
	0x25, 0x0a, 0x0a, 0x0a, 0x0a, 0x02, 0x01, 0x01, 
	0x00, 0x01, 0x01, 0x11, 0x0a, 0x0a, 0x0a, 0x0a, 
	0x2e, 0x0b, 0x0a, 0x2b, 0x20, 0x22, 0x2e, 0x0a, 
	0x0a, 0x0a, 0x0a, 0x0a, 0x0d, 0x26, 0x12, 0x26, 
	0x0a, 0x0a, 0x0a, 0x0a, 0x09, 0x01, 0x01, 0x00, 
	0x00, 0x01, 0x01, 0x2e, 0x0a, 0x0a, 0x0a, 0x0a, 
	0x11, 0x1b, 0x1c, 0x0a, 0x17, 0x10, 0x12, 0x13, 
	0x0a, 0x0a, 0x0a, 0x15, 0x1a, 0x11, 0x1b, 0x27, 
	0x0a, 0x0a, 0x0a, 0x0a, 0x0b, 0x01, 0x01, 0x00, 
	0x00, 0x01, 0x01, 0x07, 0x0d, 0x0a, 0x0a, 0x0a, 
	0x0a, 0x03, 0x2e, 0x0a, 0x10, 0x1b, 0x0d, 0x0f, 
	0x26, 0x2e, 0x03, 0x03, 0x15, 0x03, 0x03, 0x0a, 
	0x0a, 0x0a, 0x0a, 0x0d, 0x07, 0x01, 0x01, 0x00, 
	0x00, 0x00, 0x01, 0x01, 0x0c, 0x0a, 0x0a, 0x0a, 
	0x0a, 0x2a, 0x17, 0x0b, 0x2d, 0x04, 0x17, 0x11, 
	0x0a, 0x21, 0x25, 0x21, 0x03, 0x20, 0x21, 0x0a, 
	0x0a, 0x0a, 0x0a, 0x03, 0x01, 0x01, 0x00, 0x00, 
	0x00, 0x00, 0x01, 0x01, 0x01, 0x14, 0x0a, 0x0a, 
	0x0a, 0x0a, 0x0d, 0x26, 0x1b, 0x03, 0x02, 0x19, 
	0x16, 0x08, 0x03, 0x1b, 0x03, 0x21, 0x0a, 0x0a, 
	0x0a, 0x0a, 0x0f, 0x01, 0x01, 0x01, 0x00, 0x00, 
	0x00, 0x00, 0x00, 0x01, 0x01, 0x07, 0x10, 0x0a, 
	0x0a, 0x0a, 0x0a, 0x0a, 0x1f, 0x05, 0x13, 0x13, 
	0x13, 0x13, 0x05, 0x09, 0x0a, 0x0a, 0x0a, 0x0a, 
	0x0a, 0x10, 0x07, 0x01, 0x01, 0x00, 0x00, 0x00, 
	0x00, 0x00, 0x00, 0x00, 0x01, 0x01, 0x07, 0x14, 
	0x0a, 0x0a, 0x0a, 0x0a, 0x0a, 0x0a, 0x0a, 0x0a, 
	0x0a, 0x0a, 0x0a, 0x0a, 0x0a, 0x0a, 0x0a, 0x0a, 
	0x0f, 0x07, 0x01, 0x01, 0x00, 0x00, 0x00, 0x00, 
	0x00, 0x00, 0x00, 0x00, 0x00, 0x01, 0x01, 0x01, 
	0x0c, 0x0d, 0x0a, 0x0a, 0x0a, 0x0a, 0x0a, 0x0a, 
	0x0a, 0x0a, 0x0a, 0x0a, 0x0a, 0x0a, 0x0d, 0x0c, 
	0x01, 0x01, 0x01, 0x00, 0x00, 0x00, 0x00, 0x00, 
	0x00, 0x00, 0x00, 0x00, 0x00, 0x00, 0x01, 0x01, 
	0x01, 0x07, 0x08, 0x1f, 0x0a, 0x0a, 0x0a, 0x0a, 
	0x0a, 0x0a, 0x0a, 0x0a, 0x1f, 0x08, 0x07, 0x01, 
	0x01, 0x01, 0x00, 0x00, 0x00, 0x00, 0x00, 0x00, 
	0x00, 0x00, 0x00, 0x00, 0x00, 0x00, 0x00, 0x01, 
	0x01, 0x01, 0x01, 0x01, 0x17, 0x03, 0x04, 0x05, 
	0x05, 0x04, 0x03, 0x02, 0x01, 0x01, 0x01, 0x01, 
	0x01, 0x00, 0x00, 0x00, 0x00, 0x00, 0x00, 0x00, 
	0x00, 0x00, 0x00, 0x00, 0x00, 0x00, 0x00, 0x00, 
	0x00, 0x01, 0x01, 0x01, 0x01, 0x01, 0x01, 0x01, 
	0x01, 0x01, 0x01, 0x01, 0x01, 0x01, 0x01, 0x00, 
	0x00, 0x00, 0x00, 0x00, 0x00, 0x00, 0x00, 0x00, 
	0x00, 0x00, 0x00, 0x00, 0x00, 0x00, 0x00, 0x00, 
	0x00, 0x00, 0x00, 0x00, 0x01, 0x01, 0x01, 0x01, 
	0x01, 0x01, 0x01, 0x01, 0x00, 0x00, 0x00, 0x00, 
	0x00, 0x00, 0x00, 0x00, 0x00, 0x00, 0x00, 0x00, 
	
};

Gfx b8_b8_ci8_pal_rgba16_aligner[] = {gsSPEndDisplayList()};
u8 b8_b8_ci8_pal_rgba16[] = {
	0xfd, 0xd2, 0xfd, 0xd3, 0xe5, 0x13, 0xc4, 0x8f, 
	0xab, 0xcf, 0x9b, 0x8d, 0xe5, 0x11, 0xf5, 0x93, 
	0xb4, 0x4f, 0x5a, 0x09, 0x18, 0xc7, 0xb4, 0x0f, 
	0xc4, 0x91, 0x49, 0xc9, 0x41, 0xc9, 0x93, 0x4d, 
	0x83, 0x0b, 0x62, 0x49, 0xa3, 0xcd, 0xac, 0x0f, 
	0x93, 0x8d, 0x52, 0x09, 0xd4, 0xd1, 0xe5, 0x53, 
	0xc4, 0x4f, 0xfd, 0x93, 0xcc, 0xd1, 0xed, 0x53, 
	0x39, 0x47, 0x20, 0xc7, 0x7b, 0x0b, 0x5a, 0x49, 
	0xdd, 0x11, 0x31, 0x47, 0x6a, 0x8b, 0x7a, 0xcb, 
	0x72, 0xcb, 0x21, 0x07, 0xcc, 0x91, 0x72, 0x8b, 
	0x8b, 0x4d, 0xed, 0x93, 0x41, 0x89, 0x8b, 0x0b, 
	0x39, 0x87, 0x29, 0x07, 0xbc, 0x4f, 0xa3, 0xcf, 
	
};

Gfx mat_b8_f3d_material[] = {
	gsDPPipeSync(),
	gsDPSetCombineLERP(0, 0, 0, TEXEL0, 0, 0, 0, TEXEL0, 0, 0, 0, TEXEL0, 0, 0, 0, TEXEL0),
	gsSPClearGeometryMode(G_CULL_BACK),
	gsSPSetGeometryMode(G_LIGHTING),
	gsSPTexture(65535, 65535, 0, 0, 1),
	gsDPSetTextureLUT(G_TT_RGBA16),
	gsDPSetTextureImage(G_IM_FMT_RGBA, G_IM_SIZ_16b, 1, b8_b8_ci8_pal_rgba16),
	gsDPTileSync(),
	gsDPSetTile(0, 0, 0, 256, 7, 0, G_TX_WRAP | G_TX_NOMIRROR, 0, 0, G_TX_WRAP | G_TX_NOMIRROR, 0, 0),
	gsDPLoadSync(),
	gsDPLoadTLUTCmd(7, 47),
	gsDPPipeSync(),
	gsDPTileSync(),
	gsDPSetTextureImage(G_IM_FMT_CI, G_IM_SIZ_8b_LOAD_BLOCK, 1, b8_b8_ci8),
	gsDPSetTile(G_IM_FMT_CI, G_IM_SIZ_8b_LOAD_BLOCK, 0, 0, 7, 0, G_TX_CLAMP | G_TX_NOMIRROR, 5, 0, G_TX_CLAMP | G_TX_NOMIRROR, 5, 0),
	gsDPLoadSync(),
	gsDPLoadBlock(7, 0, 0, 511, 512),
	gsDPPipeSync(),
	gsDPSetTile(G_IM_FMT_CI, G_IM_SIZ_8b, 4, 0, 0, 0, G_TX_CLAMP | G_TX_NOMIRROR, 5, 0, G_TX_CLAMP | G_TX_NOMIRROR, 5, 0),
	gsDPSetTileSize(0, 0, 0, 124, 124),
    gsSPLightColor(LIGHT_1, 0xfefefeff),
    gsSPLightColor(LIGHT_2, 0x7f7f7fff),
	gsSPEndDisplayList(),
};

Gfx b8_Plane_001_mesh[] = {
	gsSPDisplayList(mat_b8_f3d_material),
	gsSPDisplayList(badge_textures_mesh_tri_0),
	gsSPDisplayList(badge_textures_mat_revert),
	gsDPPipeSync(),
	gsSPSetGeometryMode(G_LIGHTING),
	gsSPClearGeometryMode(G_TEXTURE_GEN),
	gsDPSetCombineLERP(0, 0, 0, SHADE, 0, 0, 0, ENVIRONMENT, 0, 0, 0, SHADE, 0, 0, 0, ENVIRONMENT),
	gsSPTexture(65535, 65535, 0, 0, 0),
	gsSPEndDisplayList(),
};

// ---- b9 ----
Gfx b9_b9_ci8_aligner[] = {gsSPEndDisplayList()};
u8 b9_b9_ci8[] = {
	0x00, 0x00, 0x00, 0x00, 0x00, 0x00, 0x00, 0x00, 
	0x00, 0x00, 0x01, 0x01, 0x02, 0x02, 0x02, 0x02, 
	0x02, 0x02, 0x02, 0x02, 0x01, 0x01, 0x00, 0x00, 
	0x00, 0x00, 0x00, 0x00, 0x00, 0x00, 0x00, 0x00, 
	0x00, 0x00, 0x00, 0x00, 0x00, 0x00, 0x00, 0x00, 
	0x01, 0x02, 0x02, 0x02, 0x02, 0x02, 0x02, 0x02, 
	0x02, 0x02, 0x02, 0x02, 0x02, 0x02, 0x02, 0x01, 
	0x00, 0x00, 0x00, 0x00, 0x00, 0x00, 0x00, 0x00, 
	0x00, 0x00, 0x00, 0x00, 0x00, 0x00, 0x01, 0x02, 
	0x02, 0x02, 0x02, 0x02, 0x03, 0x04, 0x05, 0x06, 
	0x06, 0x05, 0x04, 0x03, 0x02, 0x02, 0x02, 0x02, 
	0x02, 0x01, 0x00, 0x00, 0x00, 0x00, 0x00, 0x00, 
	0x00, 0x00, 0x00, 0x00, 0x00, 0x01, 0x02, 0x02, 
	0x02, 0x07, 0x08, 0x09, 0x0a, 0x0a, 0x0a, 0x0a, 
	0x0a, 0x0a, 0x0a, 0x0a, 0x09, 0x08, 0x07, 0x02, 
	0x02, 0x02, 0x01, 0x00, 0x00, 0x00, 0x00, 0x00, 
	0x00, 0x00, 0x00, 0x00, 0x01, 0x02, 0x02, 0x02, 
	0x04, 0x0b, 0x0a, 0x0a, 0x0a, 0x0a, 0x0a, 0x0a, 
	0x0a, 0x0a, 0x0a, 0x0a, 0x0a, 0x0a, 0x0b, 0x04, 
	0x02, 0x02, 0x02, 0x01, 0x00, 0x00, 0x00, 0x00, 
	0x00, 0x00, 0x00, 0x01, 0x02, 0x02, 0x07, 0x0c, 
	0x0a, 0x0a, 0x0a, 0x0a, 0x0a, 0x0a, 0x0a, 0x0b, 
	0x0b, 0x0a, 0x0a, 0x0a, 0x0a, 0x0a, 0x0a, 0x0a, 
	0x0c, 0x07, 0x02, 0x02, 0x01, 0x00, 0x00, 0x00, 
	0x00, 0x00, 0x01, 0x02, 0x02, 0x07, 0x0d, 0x0a, 
	0x0a, 0x0a, 0x0a, 0x0e, 0x0f, 0x10, 0x07, 0x07, 
	0x07, 0x07, 0x10, 0x0f, 0x0e, 0x0a, 0x0a, 0x0a, 
	0x0a, 0x0d, 0x07, 0x02, 0x02, 0x01, 0x00, 0x00, 
	0x00, 0x00, 0x02, 0x02, 0x02, 0x0c, 0x0a, 0x0a, 
	0x0a, 0x0a, 0x0f, 0x07, 0x04, 0x11, 0x0a, 0x05, 
	0x05, 0x12, 0x13, 0x04, 0x07, 0x0f, 0x0a, 0x0a, 
	0x0a, 0x0a, 0x0c, 0x02, 0x02, 0x02, 0x00, 0x00, 
	0x00, 0x01, 0x02, 0x02, 0x04, 0x0a, 0x0a, 0x0a, 
	0x12, 0x10, 0x10, 0x11, 0x05, 0x0a, 0x0a, 0x14, 
	0x14, 0x13, 0x13, 0x05, 0x11, 0x10, 0x10, 0x12, 
	0x0a, 0x0a, 0x0a, 0x04, 0x02, 0x02, 0x01, 0x00, 
	0x00, 0x02, 0x02, 0x07, 0x0e, 0x0a, 0x0a, 0x0a, 
	0x10, 0x04, 0x0a, 0x0a, 0x12, 0x0a, 0x0a, 0x0a, 
	0x0a, 0x15, 0x09, 0x12, 0x0a, 0x0a, 0x04, 0x10, 
	0x0a, 0x0a, 0x0a, 0x0e, 0x07, 0x02, 0x02, 0x00, 
	0x01, 0x02, 0x02, 0x08, 0x0a, 0x0a, 0x0a, 0x0f, 
	0x10, 0x0a, 0x0a, 0x0a, 0x0a, 0x0a, 0x0a, 0x0a, 
	0x0a, 0x03, 0x0a, 0x0a, 0x0a, 0x0a, 0x0a, 0x10, 
	0x05, 0x0a, 0x0a, 0x0a, 0x08, 0x02, 0x02, 0x01, 
	0x01, 0x02, 0x02, 0x09, 0x0a, 0x0a, 0x0b, 0x07, 
	0x11, 0x0a, 0x0a, 0x0a, 0x0a, 0x0a, 0x0a, 0x0a, 
	0x11, 0x10, 0x0a, 0x0a, 0x0a, 0x0a, 0x0a, 0x11, 
	0x07, 0x0b, 0x0a, 0x0a, 0x16, 0x02, 0x02, 0x01, 
	0x02, 0x02, 0x03, 0x0a, 0x0a, 0x0a, 0x0f, 0x04, 
	0x05, 0x12, 0x0a, 0x0a, 0x0a, 0x0a, 0x0a, 0x0a, 
	0x08, 0x08, 0x0a, 0x0a, 0x0a, 0x0a, 0x12, 0x05, 
	0x04, 0x0f, 0x0a, 0x0a, 0x0a, 0x03, 0x02, 0x02, 
	0x02, 0x02, 0x04, 0x0a, 0x0a, 0x0a, 0x10, 0x11, 
	0x0a, 0x0a, 0x0a, 0x0a, 0x0a, 0x0a, 0x0a, 0x0a, 
	0x17, 0x13, 0x0a, 0x0a, 0x0a, 0x0a, 0x0a, 0x0a, 
	0x11, 0x10, 0x0a, 0x0a, 0x0a, 0x04, 0x02, 0x02, 
	0x02, 0x02, 0x0f, 0x0a, 0x0a, 0x0a, 0x07, 0x12, 
	0x0a, 0x0a, 0x0a, 0x0a, 0x0a, 0x0a, 0x0a, 0x0a, 
	0x04, 0x0e, 0x0a, 0x0a, 0x0a, 0x0a, 0x0a, 0x0a, 
	0x12, 0x07, 0x0a, 0x0a, 0x0a, 0x0f, 0x02, 0x02, 
	0x02, 0x02, 0x06, 0x0a, 0x0a, 0x18, 0x07, 0x05, 
	0x14, 0x0a, 0x0a, 0x0a, 0x0a, 0x0a, 0x0a, 0x08, 
	0x08, 0x0a, 0x0a, 0x0a, 0x0a, 0x0a, 0x0a, 0x14, 
	0x05, 0x07, 0x18, 0x0a, 0x0a, 0x06, 0x02, 0x02, 
	0x02, 0x02, 0x06, 0x0a, 0x0a, 0x18, 0x07, 0x05, 
	0x14, 0x0a, 0x0a, 0x0a, 0x0a, 0x0a, 0x0a, 0x08, 
	0x04, 0x19, 0x0a, 0x0a, 0x0a, 0x0a, 0x0a, 0x14, 
	0x05, 0x07, 0x18, 0x0a, 0x0a, 0x06, 0x02, 0x02, 
	0x02, 0x02, 0x0f, 0x0a, 0x0a, 0x0a, 0x07, 0x12, 
	0x0a, 0x0a, 0x0a, 0x0a, 0x0a, 0x0a, 0x0a, 0x0a, 
	0x0a, 0x08, 0x08, 0x0a, 0x0a, 0x0a, 0x0a, 0x0a, 
	0x12, 0x07, 0x0a, 0x0a, 0x0a, 0x0f, 0x02, 0x02, 
	0x02, 0x02, 0x04, 0x0a, 0x0a, 0x0a, 0x10, 0x11, 
	0x0a, 0x0a, 0x0a, 0x0a, 0x0a, 0x0a, 0x0a, 0x0a, 
	0x0a, 0x0a, 0x13, 0x08, 0x12, 0x0a, 0x0a, 0x0a, 
	0x11, 0x10, 0x0a, 0x0a, 0x0a, 0x04, 0x02, 0x02, 
	0x02, 0x02, 0x03, 0x0a, 0x0a, 0x0a, 0x0f, 0x04, 
	0x05, 0x12, 0x0a, 0x0a, 0x0a, 0x0a, 0x0a, 0x0a, 
	0x0a, 0x0a, 0x0a, 0x09, 0x13, 0x0a, 0x18, 0x05, 
	0x04, 0x0f, 0x0a, 0x0a, 0x0a, 0x03, 0x02, 0x02, 
	0x01, 0x02, 0x02, 0x09, 0x0a, 0x0a, 0x0b, 0x07, 
	0x11, 0x0a, 0x0a, 0x0a, 0x0a, 0x0a, 0x0a, 0x0a, 
	0x0a, 0x0a, 0x0a, 0x0a, 0x0a, 0x0a, 0x0a, 0x11, 
	0x07, 0x0b, 0x0a, 0x0a, 0x16, 0x02, 0x02, 0x01, 
	0x01, 0x02, 0x02, 0x08, 0x0a, 0x0a, 0x0a, 0x05, 
	0x10, 0x0a, 0x0a, 0x0a, 0x0a, 0x0a, 0x0a, 0x0a, 
	0x0a, 0x0a, 0x0a, 0x0a, 0x0a, 0x0a, 0x0a, 0x10, 
	0x05, 0x0a, 0x0a, 0x0a, 0x08, 0x02, 0x02, 0x01, 
	0x00, 0x02, 0x02, 0x07, 0x0e, 0x0a, 0x0a, 0x0a, 
	0x10, 0x04, 0x0a, 0x0a, 0x12, 0x0a, 0x0a, 0x0a, 
	0x0a, 0x0a, 0x0a, 0x18, 0x0a, 0x0a, 0x04, 0x10, 
	0x0a, 0x0a, 0x0a, 0x0e, 0x07, 0x02, 0x02, 0x00, 
	0x00, 0x01, 0x02, 0x02, 0x04, 0x0a, 0x0a, 0x0a, 
	0x12, 0x10, 0x10, 0x11, 0x05, 0x0a, 0x0a, 0x14, 
	0x14, 0x0a, 0x0a, 0x05, 0x11, 0x10, 0x10, 0x12, 
	0x0a, 0x0a, 0x0a, 0x04, 0x02, 0x02, 0x01, 0x00, 
	0x00, 0x00, 0x02, 0x02, 0x02, 0x0c, 0x0a, 0x0a, 
	0x0a, 0x0a, 0x0f, 0x07, 0x04, 0x11, 0x12, 0x05, 
	0x05, 0x12, 0x11, 0x04, 0x07, 0x0f, 0x0a, 0x0a, 
	0x0a, 0x0a, 0x0c, 0x02, 0x02, 0x02, 0x00, 0x00, 
	0x00, 0x00, 0x01, 0x02, 0x02, 0x07, 0x0d, 0x0a, 
	0x0a, 0x0a, 0x0a, 0x0e, 0x0f, 0x10, 0x07, 0x07, 
	0x07, 0x07, 0x10, 0x0f, 0x0b, 0x0a, 0x0a, 0x0a, 
	0x0a, 0x0d, 0x07, 0x02, 0x02, 0x01, 0x00, 0x00, 
	0x00, 0x00, 0x00, 0x01, 0x02, 0x02, 0x07, 0x0c, 
	0x0a, 0x0a, 0x0a, 0x0a, 0x0a, 0x0a, 0x0a, 0x0b, 
	0x0b, 0x0a, 0x0a, 0x0a, 0x0a, 0x0a, 0x0a, 0x0a, 
	0x0c, 0x07, 0x02, 0x02, 0x01, 0x00, 0x00, 0x00, 
	0x00, 0x00, 0x00, 0x00, 0x01, 0x02, 0x02, 0x02, 
	0x04, 0x0b, 0x0a, 0x0a, 0x0a, 0x0a, 0x0a, 0x0a, 
	0x0a, 0x0a, 0x0a, 0x0a, 0x0a, 0x0a, 0x0e, 0x04, 
	0x02, 0x02, 0x02, 0x01, 0x00, 0x00, 0x00, 0x00, 
	0x00, 0x00, 0x00, 0x00, 0x00, 0x01, 0x02, 0x02, 
	0x02, 0x07, 0x08, 0x09, 0x0a, 0x0a, 0x0a, 0x0a, 
	0x0a, 0x0a, 0x0a, 0x0a, 0x09, 0x08, 0x07, 0x02, 
	0x02, 0x02, 0x01, 0x00, 0x00, 0x00, 0x00, 0x00, 
	0x00, 0x00, 0x00, 0x00, 0x00, 0x00, 0x01, 0x02, 
	0x02, 0x02, 0x02, 0x02, 0x03, 0x04, 0x0f, 0x06, 
	0x06, 0x0f, 0x04, 0x03, 0x02, 0x02, 0x02, 0x02, 
	0x02, 0x01, 0x00, 0x00, 0x00, 0x00, 0x00, 0x00, 
	0x00, 0x00, 0x00, 0x00, 0x00, 0x00, 0x00, 0x00, 
	0x01, 0x02, 0x02, 0x02, 0x02, 0x02, 0x02, 0x02, 
	0x02, 0x02, 0x02, 0x02, 0x02, 0x02, 0x02, 0x01, 
	0x00, 0x00, 0x00, 0x00, 0x00, 0x00, 0x00, 0x00, 
	0x00, 0x00, 0x00, 0x00, 0x00, 0x00, 0x00, 0x00, 
	0x00, 0x00, 0x01, 0x01, 0x02, 0x02, 0x02, 0x02, 
	0x02, 0x02, 0x02, 0x02, 0x01, 0x01, 0x00, 0x00, 
	0x00, 0x00, 0x00, 0x00, 0x00, 0x00, 0x00, 0x00, 
	
};

Gfx b9_b9_ci8_pal_rgba16_aligner[] = {gsSPEndDisplayList()};
u8 b9_b9_ci8_pal_rgba16[] = {
	0x42, 0x60, 0x4a, 0xa4, 0x4a, 0xa5, 0x42, 0x61, 
	0x3a, 0x1d, 0x31, 0xd9, 0x31, 0xd7, 0x4a, 0xa3, 
	0x3a, 0x1b, 0x21, 0x0f, 0x18, 0xc7, 0x21, 0x0b, 
	0x31, 0x97, 0x29, 0x93, 0x21, 0x0d, 0x39, 0xd9, 
	0x42, 0x5f, 0x29, 0x53, 0x18, 0xc9, 0x31, 0x95, 
	0x29, 0x51, 0x42, 0x1d, 0x21, 0x4f, 0x4a, 0x61, 
	0x19, 0x0b, 0x29, 0x95, 
};

Gfx mat_b9_f3d_material[] = {
	gsDPPipeSync(),
	gsDPSetCombineLERP(0, 0, 0, TEXEL0, 0, 0, 0, TEXEL0, 0, 0, 0, TEXEL0, 0, 0, 0, TEXEL0),
	gsSPClearGeometryMode(G_CULL_BACK),
	gsSPSetGeometryMode(G_LIGHTING),
	gsSPTexture(65535, 65535, 0, 0, 1),
	gsDPSetTextureLUT(G_TT_RGBA16),
	gsDPSetTextureImage(G_IM_FMT_RGBA, G_IM_SIZ_16b, 1, b9_b9_ci8_pal_rgba16),
	gsDPTileSync(),
	gsDPSetTile(0, 0, 0, 256, 7, 0, G_TX_WRAP | G_TX_NOMIRROR, 0, 0, G_TX_WRAP | G_TX_NOMIRROR, 0, 0),
	gsDPLoadSync(),
	gsDPLoadTLUTCmd(7, 25),
	gsDPPipeSync(),
	gsDPTileSync(),
	gsDPSetTextureImage(G_IM_FMT_CI, G_IM_SIZ_8b_LOAD_BLOCK, 1, b9_b9_ci8),
	gsDPSetTile(G_IM_FMT_CI, G_IM_SIZ_8b_LOAD_BLOCK, 0, 0, 7, 0, G_TX_CLAMP | G_TX_NOMIRROR, 5, 0, G_TX_CLAMP | G_TX_NOMIRROR, 5, 0),
	gsDPLoadSync(),
	gsDPLoadBlock(7, 0, 0, 511, 512),
	gsDPPipeSync(),
	gsDPSetTile(G_IM_FMT_CI, G_IM_SIZ_8b, 4, 0, 0, 0, G_TX_CLAMP | G_TX_NOMIRROR, 5, 0, G_TX_CLAMP | G_TX_NOMIRROR, 5, 0),
	gsDPSetTileSize(0, 0, 0, 124, 124),
    gsSPLightColor(LIGHT_1, 0xfefefeff),
    gsSPLightColor(LIGHT_2, 0x7f7f7fff),
	gsSPEndDisplayList(),
};

Gfx b9_Plane_001_mesh[] = {
	gsSPDisplayList(mat_b9_f3d_material),
	gsSPDisplayList(badge_textures_mesh_tri_0),
	gsSPDisplayList(badge_textures_mat_revert),
	gsDPPipeSync(),
	gsSPSetGeometryMode(G_LIGHTING),
	gsSPClearGeometryMode(G_TEXTURE_GEN),
	gsDPSetCombineLERP(0, 0, 0, SHADE, 0, 0, 0, ENVIRONMENT, 0, 0, 0, SHADE, 0, 0, 0, ENVIRONMENT),
	gsSPTexture(65535, 65535, 0, 0, 0),
	gsSPEndDisplayList(),
};

// ---- b10 ----
Gfx b10_b10_ci8_aligner[] = {gsSPEndDisplayList()};
u8 b10_b10_ci8[] = {
	0x00, 0x00, 0x00, 0x00, 0x00, 0x00, 0x00, 0x00, 
	0x00, 0x00, 0x01, 0x01, 0x02, 0x02, 0x02, 0x02, 
	0x02, 0x02, 0x02, 0x02, 0x01, 0x01, 0x00, 0x00, 
	0x00, 0x00, 0x00, 0x00, 0x00, 0x00, 0x00, 0x00, 
	0x00, 0x00, 0x00, 0x00, 0x00, 0x00, 0x00, 0x00, 
	0x01, 0x02, 0x02, 0x02, 0x02, 0x02, 0x02, 0x02, 
	0x02, 0x02, 0x02, 0x02, 0x02, 0x02, 0x02, 0x01, 
	0x00, 0x00, 0x00, 0x00, 0x00, 0x00, 0x00, 0x00, 
	0x00, 0x00, 0x00, 0x00, 0x00, 0x00, 0x01, 0x02, 
	0x02, 0x02, 0x02, 0x02, 0x03, 0x04, 0x05, 0x06, 
	0x06, 0x05, 0x04, 0x03, 0x02, 0x02, 0x02, 0x02, 
	0x02, 0x01, 0x00, 0x00, 0x00, 0x00, 0x00, 0x00, 
	0x00, 0x00, 0x00, 0x00, 0x00, 0x01, 0x02, 0x02, 
	0x02, 0x02, 0x07, 0x08, 0x09, 0x09, 0x09, 0x09, 
	0x09, 0x09, 0x09, 0x09, 0x08, 0x07, 0x02, 0x02, 
	0x02, 0x02, 0x01, 0x00, 0x00, 0x00, 0x00, 0x00, 
	0x00, 0x00, 0x00, 0x00, 0x01, 0x02, 0x02, 0x02, 
	0x04, 0x0a, 0x09, 0x09, 0x09, 0x09, 0x09, 0x09, 
	0x09, 0x09, 0x09, 0x09, 0x09, 0x09, 0x0a, 0x04, 
	0x02, 0x02, 0x02, 0x01, 0x00, 0x00, 0x00, 0x00, 
	0x00, 0x00, 0x00, 0x01, 0x02, 0x02, 0x02, 0x0b, 
	0x09, 0x09, 0x09, 0x09, 0x09, 0x09, 0x09, 0x09, 
	0x09, 0x09, 0x09, 0x09, 0x09, 0x09, 0x09, 0x09, 
	0x0b, 0x02, 0x02, 0x02, 0x01, 0x00, 0x00, 0x00, 
	0x00, 0x00, 0x01, 0x02, 0x02, 0x02, 0x0c, 0x09, 
	0x09, 0x09, 0x09, 0x09, 0x09, 0x09, 0x0d, 0x0e, 
	0x0f, 0x10, 0x11, 0x09, 0x09, 0x09, 0x09, 0x09, 
	0x09, 0x0c, 0x02, 0x02, 0x02, 0x01, 0x00, 0x00, 
	0x00, 0x00, 0x02, 0x02, 0x02, 0x0b, 0x09, 0x09, 
	0x09, 0x09, 0x09, 0x12, 0x07, 0x13, 0x14, 0x15, 
	0x0f, 0x13, 0x02, 0x16, 0x17, 0x09, 0x09, 0x09, 
	0x09, 0x09, 0x0b, 0x02, 0x02, 0x02, 0x00, 0x00, 
	0x00, 0x01, 0x02, 0x02, 0x04, 0x09, 0x09, 0x09, 
	0x09, 0x09, 0x06, 0x02, 0x04, 0x18, 0x09, 0x09, 
	0x09, 0x09, 0x08, 0x07, 0x02, 0x07, 0x11, 0x09, 
	0x09, 0x09, 0x09, 0x04, 0x02, 0x02, 0x01, 0x00, 
	0x00, 0x02, 0x02, 0x02, 0x0a, 0x09, 0x09, 0x09, 
	0x09, 0x19, 0x13, 0x15, 0x09, 0x09, 0x09, 0x09, 
	0x09, 0x09, 0x09, 0x09, 0x08, 0x03, 0x1a, 0x11, 
	0x09, 0x09, 0x09, 0x0a, 0x02, 0x02, 0x02, 0x00, 
	0x01, 0x02, 0x02, 0x07, 0x09, 0x09, 0x09, 0x09, 
	0x0b, 0x13, 0x08, 0x09, 0x09, 0x09, 0x09, 0x09, 
	0x09, 0x09, 0x09, 0x09, 0x09, 0x1b, 0x03, 0x07, 
	0x09, 0x09, 0x09, 0x09, 0x07, 0x02, 0x02, 0x01, 
	0x01, 0x02, 0x02, 0x08, 0x09, 0x09, 0x09, 0x0a, 
	0x14, 0x0c, 0x09, 0x09, 0x09, 0x09, 0x09, 0x09, 
	0x09, 0x09, 0x09, 0x09, 0x09, 0x09, 0x08, 0x14, 
	0x18, 0x09, 0x09, 0x09, 0x08, 0x02, 0x02, 0x01, 
	0x02, 0x02, 0x03, 0x09, 0x09, 0x09, 0x09, 0x05, 
	0x0d, 0x12, 0x11, 0x09, 0x09, 0x09, 0x1c, 0x0c, 
	0x0c, 0x1d, 0x09, 0x09, 0x09, 0x09, 0x12, 0x1e, 
	0x16, 0x09, 0x09, 0x09, 0x09, 0x03, 0x02, 0x02, 
	0x02, 0x02, 0x04, 0x09, 0x09, 0x09, 0x09, 0x03, 
	0x1f, 0x0c, 0x03, 0x18, 0x09, 0x17, 0x20, 0x03, 
	0x03, 0x14, 0x1f, 0x09, 0x08, 0x10, 0x21, 0x08, 
	0x02, 0x1c, 0x09, 0x09, 0x09, 0x04, 0x02, 0x02, 
	0x02, 0x02, 0x05, 0x09, 0x09, 0x09, 0x10, 0x02, 
	0x1b, 0x21, 0x21, 0x11, 0x09, 0x03, 0x05, 0x1c, 
	0x1b, 0x0c, 0x14, 0x0a, 0x11, 0x22, 0x07, 0x09, 
	0x03, 0x20, 0x09, 0x09, 0x09, 0x05, 0x02, 0x02, 
	0x02, 0x02, 0x06, 0x09, 0x09, 0x09, 0x1b, 0x0a, 
	0x09, 0x07, 0x0c, 0x09, 0x0f, 0x14, 0x09, 0x07, 
	0x04, 0x1c, 0x10, 0x0b, 0x09, 0x0f, 0x16, 0x09, 
	0x1b, 0x0a, 0x09, 0x09, 0x09, 0x06, 0x02, 0x02, 
	0x02, 0x02, 0x06, 0x09, 0x09, 0x09, 0x1f, 0x06, 
	0x09, 0x07, 0x0c, 0x09, 0x08, 0x02, 0x11, 0x06, 
	0x05, 0x11, 0x10, 0x22, 0x09, 0x0f, 0x16, 0x09, 
	0x22, 0x22, 0x09, 0x09, 0x09, 0x06, 0x02, 0x02, 
	0x02, 0x02, 0x05, 0x09, 0x09, 0x09, 0x07, 0x02, 
	0x1d, 0x21, 0x19, 0x12, 0x09, 0x03, 0x07, 0x09, 
	0x09, 0x0b, 0x14, 0x1d, 0x0a, 0x21, 0x19, 0x09, 
	0x13, 0x04, 0x09, 0x09, 0x09, 0x05, 0x02, 0x02, 
	0x02, 0x02, 0x04, 0x09, 0x09, 0x09, 0x09, 0x03, 
	0x22, 0x22, 0x16, 0x08, 0x09, 0x08, 0x03, 0x13, 
	0x20, 0x13, 0x0e, 0x09, 0x0a, 0x04, 0x21, 0x08, 
	0x02, 0x11, 0x09, 0x09, 0x09, 0x04, 0x02, 0x02, 
	0x02, 0x02, 0x03, 0x09, 0x09, 0x09, 0x09, 0x21, 
	0x10, 0x09, 0x09, 0x09, 0x09, 0x09, 0x09, 0x17, 
	0x15, 0x11, 0x09, 0x09, 0x09, 0x09, 0x09, 0x07, 
	0x04, 0x09, 0x09, 0x09, 0x09, 0x03, 0x02, 0x02, 
	0x01, 0x02, 0x02, 0x23, 0x09, 0x09, 0x09, 0x1b, 
	0x13, 0x1f, 0x09, 0x09, 0x09, 0x09, 0x09, 0x09, 
	0x09, 0x09, 0x09, 0x09, 0x09, 0x09, 0x0f, 0x02, 
	0x0f, 0x09, 0x09, 0x09, 0x23, 0x02, 0x02, 0x01, 
	0x01, 0x02, 0x02, 0x07, 0x09, 0x09, 0x09, 0x09, 
	0x1f, 0x14, 0x0f, 0x09, 0x09, 0x09, 0x09, 0x09, 
	0x09, 0x09, 0x09, 0x09, 0x09, 0x0a, 0x03, 0x05, 
	0x09, 0x09, 0x09, 0x09, 0x07, 0x02, 0x02, 0x01, 
	0x00, 0x02, 0x02, 0x02, 0x0a, 0x09, 0x09, 0x09, 
	0x09, 0x21, 0x14, 0x0c, 0x09, 0x09, 0x09, 0x09, 
	0x09, 0x09, 0x09, 0x09, 0x17, 0x03, 0x04, 0x09, 
	0x09, 0x09, 0x09, 0x0a, 0x02, 0x02, 0x02, 0x00, 
	0x00, 0x01, 0x02, 0x02, 0x04, 0x09, 0x09, 0x09, 
	0x09, 0x09, 0x1f, 0x14, 0x0d, 0x0c, 0x1c, 0x09, 
	0x09, 0x11, 0x15, 0x04, 0x02, 0x05, 0x09, 0x09, 
	0x09, 0x09, 0x09, 0x04, 0x02, 0x02, 0x01, 0x00, 
	0x00, 0x00, 0x02, 0x02, 0x02, 0x0b, 0x09, 0x09, 
	0x09, 0x09, 0x09, 0x0a, 0x05, 0x03, 0x02, 0x0c, 
	0x17, 0x02, 0x13, 0x07, 0x08, 0x09, 0x09, 0x09, 
	0x09, 0x09, 0x0b, 0x02, 0x02, 0x02, 0x00, 0x00, 
	0x00, 0x00, 0x01, 0x02, 0x02, 0x02, 0x0c, 0x09, 
	0x09, 0x09, 0x09, 0x09, 0x09, 0x09, 0x1a, 0x0e, 
	0x0f, 0x10, 0x09, 0x09, 0x09, 0x09, 0x09, 0x09, 
	0x09, 0x0c, 0x02, 0x02, 0x02, 0x01, 0x00, 0x00, 
	0x00, 0x00, 0x00, 0x01, 0x02, 0x02, 0x02, 0x0b, 
	0x09, 0x09, 0x09, 0x09, 0x09, 0x09, 0x09, 0x09, 
	0x09, 0x09, 0x09, 0x09, 0x09, 0x09, 0x09, 0x09, 
	0x0b, 0x02, 0x02, 0x02, 0x01, 0x00, 0x00, 0x00, 
	0x00, 0x00, 0x00, 0x00, 0x01, 0x02, 0x02, 0x02, 
	0x04, 0x0a, 0x09, 0x09, 0x09, 0x09, 0x09, 0x09, 
	0x09, 0x09, 0x09, 0x09, 0x09, 0x09, 0x0a, 0x04, 
	0x02, 0x02, 0x02, 0x01, 0x00, 0x00, 0x00, 0x00, 
	0x00, 0x00, 0x00, 0x00, 0x00, 0x01, 0x02, 0x02, 
	0x02, 0x02, 0x07, 0x08, 0x09, 0x09, 0x09, 0x09, 
	0x09, 0x09, 0x09, 0x09, 0x08, 0x07, 0x02, 0x02, 
	0x02, 0x02, 0x01, 0x00, 0x00, 0x00, 0x00, 0x00, 
	0x00, 0x00, 0x00, 0x00, 0x00, 0x00, 0x01, 0x02, 
	0x02, 0x02, 0x02, 0x02, 0x03, 0x04, 0x05, 0x06, 
	0x06, 0x05, 0x04, 0x03, 0x02, 0x02, 0x02, 0x02, 
	0x02, 0x01, 0x00, 0x00, 0x00, 0x00, 0x00, 0x00, 
	0x00, 0x00, 0x00, 0x00, 0x00, 0x00, 0x00, 0x00, 
	0x01, 0x02, 0x02, 0x02, 0x02, 0x02, 0x02, 0x02, 
	0x02, 0x02, 0x02, 0x02, 0x02, 0x02, 0x02, 0x01, 
	0x00, 0x00, 0x00, 0x00, 0x00, 0x00, 0x00, 0x00, 
	0x00, 0x00, 0x00, 0x00, 0x00, 0x00, 0x00, 0x00, 
	0x00, 0x00, 0x01, 0x01, 0x02, 0x02, 0x02, 0x02, 
	0x02, 0x02, 0x02, 0x02, 0x01, 0x01, 0x00, 0x00, 
	0x00, 0x00, 0x00, 0x00, 0x00, 0x00, 0x00, 0x00, 
	
};

Gfx b10_b10_ci8_pal_rgba16_aligner[] = {gsSPEndDisplayList()};
u8 b10_b10_ci8_pal_rgba16[] = {
	0x45, 0xd2, 0x4e, 0x14, 0x4e, 0x15, 0x45, 0x93, 
	0x3c, 0xd1, 0x34, 0x4f, 0x33, 0xcf, 0x3c, 0x91, 
	0x22, 0x49, 0x18, 0xc7, 0x21, 0xc9, 0x33, 0xcd, 
	0x2b, 0x4d, 0x45, 0x13, 0x2b, 0x0d, 0x22, 0x8b, 
	0x45, 0x53, 0x19, 0x07, 0x22, 0x09, 0x45, 0xd5, 
	0x4d, 0xd5, 0x2b, 0x0b, 0x3d, 0x11, 0x22, 0xcb, 
	0x2a, 0xcb, 0x3c, 0x4f, 0x3d, 0x13, 0x19, 0x89, 
	0x19, 0x47, 0x21, 0x89, 0x3c, 0x51, 0x2b, 0x8d, 
	0x45, 0xd3, 0x34, 0x0f, 0x33, 0x8d, 0x22, 0x4b, 
	
};

Gfx mat_b10_f3d_material[] = {
	gsDPPipeSync(),
	gsDPSetCombineLERP(0, 0, 0, TEXEL0, 0, 0, 0, TEXEL0, 0, 0, 0, TEXEL0, 0, 0, 0, TEXEL0),
	gsSPClearGeometryMode(G_CULL_BACK),
	gsSPSetGeometryMode(G_LIGHTING),
	gsSPTexture(65535, 65535, 0, 0, 1),
	gsDPSetTextureLUT(G_TT_RGBA16),
	gsDPSetTextureImage(G_IM_FMT_RGBA, G_IM_SIZ_16b, 1, b10_b10_ci8_pal_rgba16),
	gsDPTileSync(),
	gsDPSetTile(0, 0, 0, 256, 7, 0, G_TX_WRAP | G_TX_NOMIRROR, 0, 0, G_TX_WRAP | G_TX_NOMIRROR, 0, 0),
	gsDPLoadSync(),
	gsDPLoadTLUTCmd(7, 35),
	gsDPPipeSync(),
	gsDPTileSync(),
	gsDPSetTextureImage(G_IM_FMT_CI, G_IM_SIZ_8b_LOAD_BLOCK, 1, b10_b10_ci8),
	gsDPSetTile(G_IM_FMT_CI, G_IM_SIZ_8b_LOAD_BLOCK, 0, 0, 7, 0, G_TX_CLAMP | G_TX_NOMIRROR, 5, 0, G_TX_CLAMP | G_TX_NOMIRROR, 5, 0),
	gsDPLoadSync(),
	gsDPLoadBlock(7, 0, 0, 511, 512),
	gsDPPipeSync(),
	gsDPSetTile(G_IM_FMT_CI, G_IM_SIZ_8b, 4, 0, 0, 0, G_TX_CLAMP | G_TX_NOMIRROR, 5, 0, G_TX_CLAMP | G_TX_NOMIRROR, 5, 0),
	gsDPSetTileSize(0, 0, 0, 124, 124),
    gsSPLightColor(LIGHT_1, 0xfefefeff),
    gsSPLightColor(LIGHT_2, 0x7f7f7fff),
	gsSPEndDisplayList(),
};

Gfx b10_Plane_001_mesh[] = {
	gsSPDisplayList(mat_b10_f3d_material),
	gsSPDisplayList(badge_textures_mesh_tri_0),
	gsSPDisplayList(badge_textures_mat_revert),
	gsDPPipeSync(),
	gsSPSetGeometryMode(G_LIGHTING),
	gsSPClearGeometryMode(G_TEXTURE_GEN),
	gsDPSetCombineLERP(0, 0, 0, SHADE, 0, 0, 0, ENVIRONMENT, 0, 0, 0, SHADE, 0, 0, 0, ENVIRONMENT),
	gsSPTexture(65535, 65535, 0, 0, 0),
	gsSPEndDisplayList(),
};

// ---- b11 ----
Gfx b11_b11_ci8_aligner[] = {gsSPEndDisplayList()};
u8 b11_b11_ci8[] = {
	0x00, 0x00, 0x00, 0x00, 0x00, 0x00, 0x00, 0x00, 
	0x00, 0x00, 0x00, 0x00, 0x01, 0x01, 0x01, 0x01, 
	0x01, 0x01, 0x01, 0x01, 0x00, 0x00, 0x00, 0x00, 
	0x00, 0x00, 0x00, 0x00, 0x00, 0x00, 0x00, 0x00, 
	0x00, 0x00, 0x00, 0x00, 0x00, 0x00, 0x00, 0x00, 
	0x00, 0x01, 0x01, 0x01, 0x01, 0x01, 0x01, 0x01, 
	0x01, 0x01, 0x01, 0x01, 0x01, 0x01, 0x01, 0x00, 
	0x00, 0x00, 0x00, 0x00, 0x00, 0x00, 0x00, 0x00, 
	0x00, 0x00, 0x00, 0x00, 0x00, 0x00, 0x00, 0x01, 
	0x01, 0x01, 0x01, 0x01, 0x02, 0x03, 0x04, 0x05, 
	0x05, 0x04, 0x03, 0x02, 0x01, 0x01, 0x01, 0x01, 
	0x01, 0x00, 0x00, 0x00, 0x00, 0x00, 0x00, 0x00, 
	0x00, 0x00, 0x00, 0x00, 0x00, 0x00, 0x01, 0x01, 
	0x01, 0x06, 0x07, 0x08, 0x09, 0x09, 0x09, 0x09, 
	0x09, 0x09, 0x09, 0x09, 0x08, 0x07, 0x06, 0x01, 
	0x01, 0x01, 0x00, 0x00, 0x00, 0x00, 0x00, 0x00, 
	0x00, 0x00, 0x00, 0x00, 0x00, 0x01, 0x01, 0x01, 
	0x03, 0x0a, 0x09, 0x09, 0x09, 0x09, 0x09, 0x09, 
	0x09, 0x09, 0x09, 0x09, 0x09, 0x09, 0x0a, 0x03, 
	0x01, 0x01, 0x01, 0x00, 0x00, 0x00, 0x00, 0x00, 
	0x00, 0x00, 0x00, 0x00, 0x01, 0x01, 0x06, 0x0b, 
	0x09, 0x09, 0x09, 0x09, 0x09, 0x09, 0x09, 0x0c, 
	0x0c, 0x09, 0x09, 0x09, 0x09, 0x09, 0x09, 0x09, 
	0x0b, 0x06, 0x01, 0x01, 0x00, 0x00, 0x00, 0x00, 
	0x00, 0x00, 0x00, 0x01, 0x01, 0x0d, 0x0e, 0x09, 
	0x09, 0x09, 0x09, 0x09, 0x09, 0x09, 0x0f, 0x10, 
	0x10, 0x11, 0x09, 0x09, 0x09, 0x09, 0x09, 0x09, 
	0x09, 0x0e, 0x06, 0x01, 0x01, 0x00, 0x00, 0x00, 
	0x00, 0x00, 0x01, 0x01, 0x01, 0x0b, 0x09, 0x09, 
	0x09, 0x09, 0x09, 0x09, 0x09, 0x09, 0x03, 0x12, 
	0x12, 0x03, 0x09, 0x09, 0x09, 0x09, 0x09, 0x09, 
	0x09, 0x09, 0x0b, 0x01, 0x01, 0x01, 0x00, 0x00, 
	0x00, 0x00, 0x01, 0x01, 0x03, 0x09, 0x09, 0x09, 
	0x09, 0x09, 0x09, 0x09, 0x09, 0x0b, 0x02, 0x13, 
	0x13, 0x02, 0x14, 0x09, 0x09, 0x09, 0x09, 0x09, 
	0x09, 0x09, 0x09, 0x03, 0x01, 0x01, 0x00, 0x00, 
	0x00, 0x01, 0x01, 0x06, 0x0a, 0x09, 0x09, 0x09, 
	0x09, 0x09, 0x09, 0x09, 0x15, 0x16, 0x17, 0x09, 
	0x09, 0x18, 0x16, 0x15, 0x09, 0x09, 0x09, 0x09, 
	0x09, 0x09, 0x09, 0x0a, 0x06, 0x01, 0x01, 0x00, 
	0x00, 0x01, 0x01, 0x19, 0x09, 0x09, 0x09, 0x09, 
	0x09, 0x09, 0x09, 0x0f, 0x1a, 0x07, 0x09, 0x09, 
	0x09, 0x09, 0x1b, 0x12, 0x0f, 0x09, 0x09, 0x09, 
	0x09, 0x09, 0x09, 0x09, 0x07, 0x01, 0x01, 0x00, 
	0x00, 0x01, 0x01, 0x08, 0x09, 0x09, 0x09, 0x0a, 
	0x1c, 0x10, 0x16, 0x1d, 0x02, 0x13, 0x09, 0x09, 
	0x09, 0x09, 0x0c, 0x02, 0x1d, 0x16, 0x10, 0x1c, 
	0x0a, 0x09, 0x09, 0x09, 0x08, 0x01, 0x01, 0x00, 
	0x01, 0x01, 0x02, 0x09, 0x09, 0x11, 0x1e, 0x16, 
	0x03, 0x1f, 0x20, 0x09, 0x09, 0x15, 0x05, 0x09, 
	0x09, 0x1c, 0x08, 0x09, 0x09, 0x20, 0x1f, 0x03, 
	0x16, 0x21, 0x11, 0x09, 0x09, 0x02, 0x01, 0x01, 
	0x01, 0x01, 0x03, 0x09, 0x09, 0x09, 0x22, 0x05, 
	0x09, 0x09, 0x09, 0x09, 0x09, 0x05, 0x1f, 0x15, 
	0x23, 0x1f, 0x24, 0x09, 0x09, 0x09, 0x09, 0x09, 
	0x05, 0x22, 0x09, 0x09, 0x09, 0x03, 0x01, 0x01, 
	0x01, 0x01, 0x04, 0x09, 0x09, 0x09, 0x25, 0x16, 
	0x15, 0x09, 0x09, 0x09, 0x09, 0x12, 0x1e, 0x25, 
	0x26, 0x03, 0x12, 0x09, 0x09, 0x09, 0x09, 0x15, 
	0x16, 0x25, 0x09, 0x09, 0x09, 0x04, 0x01, 0x01, 
	0x01, 0x01, 0x05, 0x09, 0x09, 0x09, 0x09, 0x24, 
	0x02, 0x27, 0x09, 0x09, 0x09, 0x28, 0x01, 0x29, 
	0x20, 0x01, 0x28, 0x09, 0x09, 0x09, 0x0a, 0x02, 
	0x1c, 0x09, 0x09, 0x09, 0x09, 0x05, 0x01, 0x01, 
	0x01, 0x01, 0x05, 0x09, 0x09, 0x09, 0x09, 0x09, 
	0x04, 0x16, 0x2a, 0x09, 0x09, 0x05, 0x1e, 0x09, 
	0x09, 0x07, 0x0b, 0x09, 0x09, 0x25, 0x16, 0x04, 
	0x09, 0x09, 0x09, 0x09, 0x09, 0x05, 0x01, 0x01, 
	0x01, 0x01, 0x04, 0x09, 0x09, 0x09, 0x09, 0x09, 
	0x09, 0x12, 0x05, 0x09, 0x09, 0x09, 0x09, 0x09, 
	0x09, 0x09, 0x09, 0x09, 0x09, 0x05, 0x12, 0x09, 
	0x09, 0x09, 0x09, 0x09, 0x09, 0x04, 0x01, 0x01, 
	0x01, 0x01, 0x03, 0x09, 0x09, 0x09, 0x09, 0x09, 
	0x09, 0x16, 0x15, 0x09, 0x09, 0x09, 0x09, 0x09, 
	0x09, 0x09, 0x09, 0x09, 0x09, 0x15, 0x16, 0x09, 
	0x09, 0x09, 0x09, 0x09, 0x09, 0x03, 0x01, 0x01, 
	0x01, 0x01, 0x02, 0x09, 0x09, 0x09, 0x09, 0x09, 
	0x15, 0x16, 0x09, 0x09, 0x09, 0x09, 0x09, 0x18, 
	0x18, 0x09, 0x09, 0x09, 0x09, 0x09, 0x2b, 0x23, 
	0x09, 0x09, 0x09, 0x09, 0x09, 0x02, 0x01, 0x01, 
	0x00, 0x01, 0x01, 0x08, 0x09, 0x09, 0x09, 0x09, 
	0x1f, 0x12, 0x09, 0x09, 0x09, 0x09, 0x1f, 0x16, 
	0x16, 0x1f, 0x09, 0x09, 0x09, 0x09, 0x12, 0x1f, 
	0x09, 0x09, 0x09, 0x09, 0x08, 0x01, 0x01, 0x00, 
	0x00, 0x01, 0x01, 0x19, 0x09, 0x09, 0x09, 0x09, 
	0x04, 0x07, 0x09, 0x09, 0x08, 0x12, 0x02, 0x25, 
	0x25, 0x02, 0x12, 0x2c, 0x09, 0x09, 0x07, 0x1b, 
	0x09, 0x09, 0x09, 0x09, 0x07, 0x01, 0x01, 0x00, 
	0x00, 0x01, 0x01, 0x06, 0x0a, 0x09, 0x09, 0x09, 
	0x03, 0x04, 0x0b, 0x10, 0x16, 0x04, 0x2d, 0x09, 
	0x09, 0x2d, 0x04, 0x16, 0x10, 0x14, 0x04, 0x03, 
	0x09, 0x09, 0x09, 0x0a, 0x06, 0x01, 0x01, 0x00, 
	0x00, 0x00, 0x01, 0x01, 0x03, 0x09, 0x09, 0x09, 
	0x12, 0x16, 0x12, 0x0b, 0x2d, 0x09, 0x09, 0x09, 
	0x09, 0x09, 0x09, 0x2d, 0x0b, 0x12, 0x16, 0x12, 
	0x09, 0x09, 0x09, 0x03, 0x01, 0x01, 0x00, 0x00, 
	0x00, 0x00, 0x01, 0x01, 0x01, 0x0b, 0x09, 0x09, 
	0x0f, 0x09, 0x09, 0x09, 0x09, 0x09, 0x09, 0x09, 
	0x09, 0x09, 0x09, 0x09, 0x09, 0x09, 0x09, 0x0f, 
	0x09, 0x09, 0x0b, 0x01, 0x01, 0x01, 0x00, 0x00, 
	0x00, 0x00, 0x00, 0x01, 0x01, 0x0d, 0x0e, 0x09, 
	0x09, 0x09, 0x09, 0x09, 0x09, 0x09, 0x09, 0x09, 
	0x09, 0x09, 0x09, 0x09, 0x09, 0x09, 0x09, 0x09, 
	0x09, 0x0e, 0x06, 0x01, 0x01, 0x00, 0x00, 0x00, 
	0x00, 0x00, 0x00, 0x00, 0x01, 0x01, 0x0d, 0x0b, 
	0x09, 0x09, 0x09, 0x09, 0x09, 0x09, 0x09, 0x09, 
	0x09, 0x09, 0x09, 0x09, 0x09, 0x09, 0x09, 0x09, 
	0x0b, 0x06, 0x01, 0x01, 0x00, 0x00, 0x00, 0x00, 
	0x00, 0x00, 0x00, 0x00, 0x00, 0x01, 0x01, 0x01, 
	0x03, 0x0a, 0x09, 0x09, 0x09, 0x09, 0x09, 0x09, 
	0x09, 0x09, 0x09, 0x09, 0x09, 0x09, 0x0a, 0x03, 
	0x01, 0x01, 0x01, 0x00, 0x00, 0x00, 0x00, 0x00, 
	0x00, 0x00, 0x00, 0x00, 0x00, 0x00, 0x01, 0x01, 
	0x01, 0x06, 0x19, 0x08, 0x09, 0x09, 0x09, 0x09, 
	0x09, 0x09, 0x09, 0x09, 0x08, 0x07, 0x06, 0x01, 
	0x01, 0x01, 0x00, 0x00, 0x00, 0x00, 0x00, 0x00, 
	0x00, 0x00, 0x00, 0x00, 0x00, 0x00, 0x00, 0x01, 
	0x01, 0x01, 0x01, 0x01, 0x02, 0x03, 0x04, 0x05, 
	0x05, 0x04, 0x03, 0x02, 0x01, 0x01, 0x01, 0x01, 
	0x01, 0x00, 0x00, 0x00, 0x00, 0x00, 0x00, 0x00, 
	0x00, 0x00, 0x00, 0x00, 0x00, 0x00, 0x00, 0x00, 
	0x00, 0x01, 0x01, 0x01, 0x01, 0x01, 0x01, 0x01, 
	0x01, 0x01, 0x01, 0x01, 0x01, 0x01, 0x01, 0x00, 
	0x00, 0x00, 0x00, 0x00, 0x00, 0x00, 0x00, 0x00, 
	0x00, 0x00, 0x00, 0x00, 0x00, 0x00, 0x00, 0x00, 
	0x00, 0x00, 0x00, 0x00, 0x01, 0x01, 0x01, 0x01, 
	0x01, 0x01, 0x01, 0x01, 0x00, 0x00, 0x00, 0x00, 
	0x00, 0x00, 0x00, 0x00, 0x00, 0x00, 0x00, 0x00, 
	
};

Gfx b11_b11_ci8_pal_rgba16_aligner[] = {gsSPEndDisplayList()};
u8 b11_b11_ci8_pal_rgba16[] = {
	0xfe, 0xd4, 0xfe, 0xd5, 0xe6, 0x13, 0xc5, 0x51, 
	0xac, 0x8f, 0x9c, 0x4d, 0xf6, 0x93, 0xb4, 0xcf, 
	0x5a, 0x89, 0x18, 0xc7, 0x4a, 0x09, 0x94, 0x0d, 
	0x31, 0x47, 0xf6, 0x95, 0x83, 0x8b, 0x21, 0x07, 
	0xd5, 0x91, 0x29, 0x07, 0xcd, 0x91, 0x31, 0x87, 
	0x9c, 0x0d, 0x52, 0x49, 0xee, 0x53, 0x6a, 0xcb, 
	0x62, 0xcb, 0xb5, 0x0f, 0xcd, 0x51, 0xac, 0xcf, 
	0xa4, 0x8f, 0xee, 0x93, 0xbd, 0x11, 0x8b, 0xcd, 
	0x41, 0xc9, 0xbd, 0x51, 0xdd, 0xd3, 0x5a, 0x49, 
	0xa4, 0x4f, 0x73, 0x0b, 0x6b, 0x0b, 0x4a, 0x49, 
	0xdd, 0xd1, 0x42, 0x09, 0x73, 0x4b, 0xe6, 0x53, 
	0x62, 0x89, 0x29, 0x47, 
};

Gfx mat_b11_f3d_material[] = {
	gsDPPipeSync(),
	gsDPSetCombineLERP(0, 0, 0, TEXEL0, 0, 0, 0, TEXEL0, 0, 0, 0, TEXEL0, 0, 0, 0, TEXEL0),
	gsSPClearGeometryMode(G_CULL_BACK),
	gsSPSetGeometryMode(G_LIGHTING),
	gsSPTexture(65535, 65535, 0, 0, 1),
	gsDPSetTextureLUT(G_TT_RGBA16),
	gsDPSetTextureImage(G_IM_FMT_RGBA, G_IM_SIZ_16b, 1, b11_b11_ci8_pal_rgba16),
	gsDPTileSync(),
	gsDPSetTile(0, 0, 0, 256, 7, 0, G_TX_WRAP | G_TX_NOMIRROR, 0, 0, G_TX_WRAP | G_TX_NOMIRROR, 0, 0),
	gsDPLoadSync(),
	gsDPLoadTLUTCmd(7, 45),
	gsDPPipeSync(),
	gsDPTileSync(),
	gsDPSetTextureImage(G_IM_FMT_CI, G_IM_SIZ_8b_LOAD_BLOCK, 1, b11_b11_ci8),
	gsDPSetTile(G_IM_FMT_CI, G_IM_SIZ_8b_LOAD_BLOCK, 0, 0, 7, 0, G_TX_CLAMP | G_TX_NOMIRROR, 5, 0, G_TX_CLAMP | G_TX_NOMIRROR, 5, 0),
	gsDPLoadSync(),
	gsDPLoadBlock(7, 0, 0, 511, 512),
	gsDPPipeSync(),
	gsDPSetTile(G_IM_FMT_CI, G_IM_SIZ_8b, 4, 0, 0, 0, G_TX_CLAMP | G_TX_NOMIRROR, 5, 0, G_TX_CLAMP | G_TX_NOMIRROR, 5, 0),
	gsDPSetTileSize(0, 0, 0, 124, 124),
    gsSPLightColor(LIGHT_1, 0xfefefeff),
    gsSPLightColor(LIGHT_2, 0x7f7f7fff),
	gsSPEndDisplayList(),
};

Gfx b11_Plane_001_mesh[] = {
	gsSPDisplayList(mat_b11_f3d_material),
	gsSPDisplayList(badge_textures_mesh_tri_0),
	gsSPDisplayList(badge_textures_mat_revert),
	gsDPPipeSync(),
	gsSPSetGeometryMode(G_LIGHTING),
	gsSPClearGeometryMode(G_TEXTURE_GEN),
	gsDPSetCombineLERP(0, 0, 0, SHADE, 0, 0, 0, ENVIRONMENT, 0, 0, 0, SHADE, 0, 0, 0, ENVIRONMENT),
	gsSPTexture(65535, 65535, 0, 0, 0),
	gsSPEndDisplayList(),
};

// ---- b12 ----
Gfx b12_b12_ci8_aligner[] = {gsSPEndDisplayList()};
u8 b12_b12_ci8[] = {
	0x00, 0x00, 0x00, 0x00, 0x00, 0x00, 0x00, 0x00, 
	0x00, 0x00, 0x01, 0x01, 0x02, 0x02, 0x02, 0x02, 
	0x02, 0x02, 0x02, 0x02, 0x01, 0x01, 0x00, 0x00, 
	0x00, 0x00, 0x00, 0x00, 0x00, 0x00, 0x00, 0x00, 
	0x00, 0x00, 0x00, 0x00, 0x00, 0x00, 0x00, 0x00, 
	0x01, 0x02, 0x02, 0x02, 0x02, 0x02, 0x02, 0x02, 
	0x02, 0x02, 0x02, 0x02, 0x02, 0x02, 0x02, 0x01, 
	0x00, 0x00, 0x00, 0x00, 0x00, 0x00, 0x00, 0x00, 
	0x00, 0x00, 0x00, 0x00, 0x00, 0x00, 0x01, 0x02, 
	0x02, 0x02, 0x02, 0x02, 0x03, 0x04, 0x05, 0x06, 
	0x06, 0x05, 0x04, 0x03, 0x02, 0x02, 0x02, 0x02, 
	0x02, 0x01, 0x00, 0x00, 0x00, 0x00, 0x00, 0x00, 
	0x00, 0x00, 0x00, 0x00, 0x00, 0x01, 0x02, 0x02, 
	0x02, 0x07, 0x08, 0x09, 0x0a, 0x0a, 0x0a, 0x0a, 
	0x0a, 0x0a, 0x0a, 0x0a, 0x09, 0x08, 0x0b, 0x02, 
	0x02, 0x02, 0x01, 0x00, 0x00, 0x00, 0x00, 0x00, 
	0x00, 0x00, 0x00, 0x00, 0x01, 0x02, 0x02, 0x02, 
	0x04, 0x0c, 0x0a, 0x0a, 0x0a, 0x0a, 0x0a, 0x0a, 
	0x0a, 0x0a, 0x0a, 0x0a, 0x0a, 0x0a, 0x0d, 0x04, 
	0x02, 0x02, 0x02, 0x01, 0x00, 0x00, 0x00, 0x00, 
	0x00, 0x00, 0x00, 0x01, 0x02, 0x02, 0x02, 0x0e, 
	0x0a, 0x0a, 0x0a, 0x0a, 0x0a, 0x0a, 0x0a, 0x0a, 
	0x0a, 0x0a, 0x0a, 0x0a, 0x0a, 0x0a, 0x0a, 0x0a, 
	0x0e, 0x02, 0x02, 0x02, 0x01, 0x00, 0x00, 0x00, 
	0x00, 0x00, 0x01, 0x02, 0x02, 0x02, 0x0f, 0x0a, 
	0x0a, 0x0a, 0x0a, 0x0a, 0x0a, 0x0a, 0x0a, 0x0a, 
	0x0a, 0x10, 0x0a, 0x0a, 0x0a, 0x0a, 0x0a, 0x0a, 
	0x0a, 0x11, 0x02, 0x02, 0x12, 0x13, 0x00, 0x00, 
	0x00, 0x00, 0x02, 0x02, 0x02, 0x0e, 0x0a, 0x0a, 
	0x0a, 0x0a, 0x0a, 0x0a, 0x0a, 0x0a, 0x0a, 0x0a, 
	0x14, 0x15, 0x16, 0x0a, 0x0a, 0x0a, 0x0a, 0x0a, 
	0x0a, 0x0a, 0x0e, 0x02, 0x12, 0x12, 0x00, 0x00, 
	0x00, 0x01, 0x02, 0x02, 0x04, 0x0a, 0x0a, 0x0a, 
	0x0a, 0x0a, 0x0a, 0x0a, 0x0a, 0x0a, 0x0a, 0x0a, 
	0x17, 0x18, 0x15, 0x0a, 0x0a, 0x0a, 0x19, 0x1a, 
	0x0a, 0x0a, 0x0a, 0x04, 0x12, 0x12, 0x13, 0x00, 
	0x00, 0x02, 0x02, 0x07, 0x0c, 0x0a, 0x0a, 0x0a, 
	0x0a, 0x0a, 0x0a, 0x0a, 0x0a, 0x0a, 0x0a, 0x0a, 
	0x0a, 0x1b, 0x15, 0x0a, 0x0a, 0x09, 0x1c, 0x0a, 
	0x0a, 0x0a, 0x0a, 0x0d, 0x02, 0x12, 0x12, 0x00, 
	0x01, 0x02, 0x02, 0x08, 0x0a, 0x0a, 0x0a, 0x0a, 
	0x0a, 0x0a, 0x0a, 0x0a, 0x0a, 0x0a, 0x0a, 0x0a, 
	0x0a, 0x1d, 0x15, 0x1e, 0x0a, 0x1f, 0x19, 0x0a, 
	0x0a, 0x0a, 0x0a, 0x0a, 0x08, 0x12, 0x12, 0x13, 
	0x01, 0x02, 0x02, 0x20, 0x0a, 0x0a, 0x0a, 0x0a, 
	0x0a, 0x0a, 0x0a, 0x1e, 0x21, 0x22, 0x23, 0x0a, 
	0x24, 0x15, 0x0b, 0x25, 0x1e, 0x15, 0x1b, 0x0a, 
	0x0a, 0x0a, 0x0a, 0x0a, 0x09, 0x02, 0x12, 0x13, 
	0x02, 0x02, 0x26, 0x0a, 0x0a, 0x0a, 0x0a, 0x0a, 
	0x0a, 0x0a, 0x0a, 0x27, 0x0b, 0x28, 0x0e, 0x29, 
	0x0a, 0x0a, 0x0a, 0x0a, 0x14, 0x15, 0x0a, 0x0a, 
	0x2a, 0x2a, 0x0a, 0x0a, 0x0a, 0x03, 0x12, 0x12, 
	0x02, 0x02, 0x04, 0x0a, 0x0a, 0x0a, 0x0a, 0x0a, 
	0x0a, 0x0a, 0x06, 0x0b, 0x0b, 0x2b, 0x2c, 0x2b, 
	0x20, 0x0a, 0x0a, 0x0a, 0x1f, 0x2d, 0x0a, 0x06, 
	0x0b, 0x1c, 0x1b, 0x0a, 0x0a, 0x04, 0x12, 0x12, 
	0x02, 0x02, 0x05, 0x0a, 0x0a, 0x0a, 0x0a, 0x0a, 
	0x0a, 0x0c, 0x07, 0x0b, 0x0b, 0x0b, 0x0b, 0x0b, 
	0x2e, 0x0c, 0x1e, 0x1e, 0x15, 0x1a, 0x0a, 0x2c, 
	0x1e, 0x0b, 0x2f, 0x0a, 0x0a, 0x30, 0x12, 0x12, 
	0x02, 0x02, 0x0e, 0x0a, 0x0a, 0x0a, 0x0a, 0x0a, 
	0x0a, 0x31, 0x0b, 0x0b, 0x0b, 0x0b, 0x0b, 0x0b, 
	0x0b, 0x32, 0x29, 0x1e, 0x33, 0x0a, 0x0a, 0x0a, 
	0x34, 0x15, 0x35, 0x0a, 0x0a, 0x06, 0x12, 0x12, 
	0x02, 0x02, 0x0e, 0x0a, 0x0a, 0x0a, 0x0a, 0x0a, 
	0x0a, 0x07, 0x0b, 0x0b, 0x0b, 0x0b, 0x0b, 0x0b, 
	0x0b, 0x0b, 0x05, 0x10, 0x0a, 0x0a, 0x0a, 0x06, 
	0x0b, 0x36, 0x0a, 0x0a, 0x0a, 0x06, 0x12, 0x12, 
	0x02, 0x02, 0x05, 0x0a, 0x0a, 0x0a, 0x0a, 0x0a, 
	0x22, 0x0b, 0x0b, 0x0b, 0x0b, 0x07, 0x07, 0x0b, 
	0x0b, 0x0b, 0x07, 0x34, 0x1e, 0x0a, 0x0a, 0x0b, 
	0x0b, 0x0b, 0x37, 0x0a, 0x0a, 0x30, 0x12, 0x12, 
	0x02, 0x02, 0x04, 0x0a, 0x0a, 0x0a, 0x0a, 0x0a, 
	0x0e, 0x0b, 0x0b, 0x0b, 0x07, 0x38, 0x0b, 0x0b, 
	0x0b, 0x0b, 0x0b, 0x27, 0x23, 0x0a, 0x0a, 0x0a, 
	0x0a, 0x0a, 0x0a, 0x0a, 0x0a, 0x04, 0x12, 0x12, 
	0x02, 0x02, 0x26, 0x0a, 0x0a, 0x0a, 0x0a, 0x0a, 
	0x06, 0x0b, 0x0b, 0x0b, 0x39, 0x3a, 0x0b, 0x0b, 
	0x0b, 0x0b, 0x0b, 0x0b, 0x31, 0x0d, 0x1e, 0x0a, 
	0x0a, 0x0a, 0x0a, 0x0a, 0x0a, 0x03, 0x12, 0x12, 
	0x01, 0x02, 0x02, 0x20, 0x0a, 0x0a, 0x0a, 0x0a, 
	0x3a, 0x0b, 0x0b, 0x03, 0x0a, 0x0f, 0x0b, 0x0b, 
	0x0b, 0x0b, 0x0b, 0x0b, 0x0b, 0x21, 0x09, 0x0a, 
	0x0a, 0x0a, 0x0a, 0x0a, 0x09, 0x02, 0x12, 0x13, 
	0x01, 0x02, 0x02, 0x3b, 0x0a, 0x0a, 0x0a, 0x0a, 
	0x20, 0x0b, 0x0b, 0x3c, 0x0a, 0x1e, 0x2c, 0x0b, 
	0x0b, 0x32, 0x2b, 0x0b, 0x0b, 0x0b, 0x22, 0x0a, 
	0x0a, 0x0a, 0x0a, 0x0a, 0x08, 0x12, 0x12, 0x13, 
	0x00, 0x12, 0x12, 0x07, 0x0c, 0x0a, 0x0a, 0x0a, 
	0x0a, 0x3c, 0x3d, 0x3c, 0x0a, 0x0a, 0x10, 0x0e, 
	0x3a, 0x0c, 0x0b, 0x3d, 0x3d, 0x28, 0x0a, 0x0a, 
	0x0a, 0x0a, 0x0a, 0x0d, 0x02, 0x12, 0x12, 0x00, 
	0x00, 0x13, 0x12, 0x12, 0x04, 0x0a, 0x0a, 0x0a, 
	0x0a, 0x09, 0x07, 0x07, 0x1e, 0x0a, 0x0a, 0x0a, 
	0x0a, 0x05, 0x3d, 0x3d, 0x32, 0x0a, 0x0a, 0x0a, 
	0x0a, 0x0a, 0x0a, 0x04, 0x12, 0x12, 0x13, 0x00, 
	0x00, 0x00, 0x12, 0x12, 0x02, 0x0e, 0x0a, 0x0a, 
	0x0a, 0x0a, 0x22, 0x2c, 0x0e, 0x0a, 0x0a, 0x0a, 
	0x20, 0x07, 0x0b, 0x28, 0x0a, 0x0a, 0x0a, 0x0a, 
	0x0a, 0x0a, 0x0e, 0x12, 0x12, 0x12, 0x00, 0x00, 
	0x00, 0x00, 0x13, 0x12, 0x12, 0x02, 0x0f, 0x0a, 
	0x0a, 0x0a, 0x0a, 0x0a, 0x3e, 0x0a, 0x0a, 0x09, 
	0x3f, 0x28, 0x20, 0x0a, 0x0a, 0x0a, 0x0a, 0x0a, 
	0x0a, 0x0f, 0x02, 0x12, 0x12, 0x13, 0x00, 0x00, 
	0x00, 0x00, 0x00, 0x13, 0x12, 0x12, 0x02, 0x0e, 
	0x0a, 0x0a, 0x0a, 0x0a, 0x0a, 0x0a, 0x0a, 0x0a, 
	0x0a, 0x0a, 0x0a, 0x0a, 0x0a, 0x0a, 0x0a, 0x0a, 
	0x0e, 0x02, 0x12, 0x12, 0x13, 0x00, 0x00, 0x00, 
	0x00, 0x00, 0x00, 0x00, 0x13, 0x12, 0x12, 0x12, 
	0x04, 0x0c, 0x0a, 0x0a, 0x0a, 0x0a, 0x0a, 0x0a, 
	0x0a, 0x0a, 0x0a, 0x0a, 0x0a, 0x0a, 0x0d, 0x04, 
	0x12, 0x12, 0x12, 0x13, 0x00, 0x00, 0x00, 0x00, 
	0x00, 0x00, 0x00, 0x00, 0x00, 0x13, 0x12, 0x12, 
	0x12, 0x02, 0x08, 0x09, 0x0a, 0x0a, 0x0a, 0x0a, 
	0x0a, 0x0a, 0x0a, 0x0a, 0x09, 0x08, 0x02, 0x12, 
	0x12, 0x12, 0x13, 0x00, 0x00, 0x00, 0x00, 0x00, 
	0x00, 0x00, 0x00, 0x00, 0x00, 0x00, 0x13, 0x12, 
	0x12, 0x12, 0x12, 0x02, 0x03, 0x04, 0x30, 0x06, 
	0x06, 0x30, 0x04, 0x03, 0x02, 0x12, 0x12, 0x12, 
	0x12, 0x13, 0x00, 0x00, 0x00, 0x00, 0x00, 0x00, 
	0x00, 0x00, 0x00, 0x00, 0x00, 0x00, 0x00, 0x00, 
	0x13, 0x12, 0x12, 0x12, 0x12, 0x12, 0x12, 0x12, 
	0x12, 0x12, 0x12, 0x12, 0x12, 0x12, 0x12, 0x13, 
	0x00, 0x00, 0x00, 0x00, 0x00, 0x00, 0x00, 0x00, 
	0x00, 0x00, 0x00, 0x00, 0x00, 0x00, 0x00, 0x00, 
	0x00, 0x00, 0x13, 0x13, 0x12, 0x12, 0x12, 0x12, 
	0x12, 0x12, 0x12, 0x12, 0x13, 0x13, 0x00, 0x00, 
	0x00, 0x00, 0x00, 0x00, 0x00, 0x00, 0x00, 0x00, 
	
};

Gfx b12_b12_ci8_pal_rgba16_aligner[] = {gsSPEndDisplayList()};
u8 b12_b12_ci8_pal_rgba16[] = {
	0xe2, 0x88, 0xe2, 0xc8, 0xe2, 0xc9, 0xd2, 0x89, 
	0xb2, 0x49, 0x9a, 0x07, 0x91, 0xc7, 0xda, 0x89, 
	0xaa, 0x09, 0x59, 0x47, 0x18, 0xc7, 0xe2, 0x89, 
	0x41, 0x07, 0x49, 0x07, 0x89, 0xc7, 0x79, 0x87, 
	0x31, 0x07, 0x79, 0xc7, 0xea, 0xc9, 0xea, 0xc8, 
	0x61, 0x45, 0xe2, 0x87, 0xd2, 0x45, 0x20, 0xc5, 
	0x89, 0x85, 0xc2, 0x05, 0x51, 0x05, 0x71, 0x45, 
	0xea, 0x87, 0x79, 0x85, 0x20, 0xc7, 0xba, 0x07, 
	0x51, 0x47, 0xba, 0x47, 0x61, 0x47, 0x39, 0x07, 
	0x79, 0x43, 0xca, 0x47, 0xca, 0x89, 0xb2, 0x07, 
	0xa2, 0x07, 0x49, 0x47, 0x30, 0xc5, 0xd2, 0x49, 
	0xca, 0x49, 0xc2, 0x07, 0xc2, 0x47, 0xa1, 0xc5, 
	0x9a, 0x09, 0xaa, 0x07, 0xba, 0x49, 0x69, 0x45, 
	0x69, 0x47, 0x49, 0x05, 0x81, 0x85, 0xda, 0x87, 
	0x71, 0x87, 0x81, 0x87, 0x81, 0xc7, 0xa2, 0x09, 
	0xc2, 0x49, 0xea, 0x89, 0x69, 0x87, 0xb2, 0x09, 
	
};

Gfx mat_b12_f3d_material[] = {
	gsDPPipeSync(),
	gsDPSetCombineLERP(0, 0, 0, TEXEL0, 0, 0, 0, TEXEL0, 0, 0, 0, TEXEL0, 0, 0, 0, TEXEL0),
	gsSPClearGeometryMode(G_CULL_BACK),
	gsSPSetGeometryMode(G_LIGHTING),
	gsSPTexture(65535, 65535, 0, 0, 1),
	gsDPSetTextureLUT(G_TT_RGBA16),
	gsDPSetTextureImage(G_IM_FMT_RGBA, G_IM_SIZ_16b, 1, b12_b12_ci8_pal_rgba16),
	gsDPTileSync(),
	gsDPSetTile(0, 0, 0, 256, 7, 0, G_TX_WRAP | G_TX_NOMIRROR, 0, 0, G_TX_WRAP | G_TX_NOMIRROR, 0, 0),
	gsDPLoadSync(),
	gsDPLoadTLUTCmd(7, 63),
	gsDPPipeSync(),
	gsDPTileSync(),
	gsDPSetTextureImage(G_IM_FMT_CI, G_IM_SIZ_8b_LOAD_BLOCK, 1, b12_b12_ci8),
	gsDPSetTile(G_IM_FMT_CI, G_IM_SIZ_8b_LOAD_BLOCK, 0, 0, 7, 0, G_TX_CLAMP | G_TX_NOMIRROR, 5, 0, G_TX_CLAMP | G_TX_NOMIRROR, 5, 0),
	gsDPLoadSync(),
	gsDPLoadBlock(7, 0, 0, 511, 512),
	gsDPPipeSync(),
	gsDPSetTile(G_IM_FMT_CI, G_IM_SIZ_8b, 4, 0, 0, 0, G_TX_CLAMP | G_TX_NOMIRROR, 5, 0, G_TX_CLAMP | G_TX_NOMIRROR, 5, 0),
	gsDPSetTileSize(0, 0, 0, 124, 124),
    gsSPLightColor(LIGHT_1, 0xfefefeff),
    gsSPLightColor(LIGHT_2, 0x7f7f7fff),
	gsSPEndDisplayList(),
};

Gfx b12_Plane_001_mesh[] = {
	gsSPDisplayList(mat_b12_f3d_material),
	gsSPDisplayList(badge_textures_mesh_tri_0),
	gsSPDisplayList(badge_textures_mat_revert),
	gsDPPipeSync(),
	gsSPSetGeometryMode(G_LIGHTING),
	gsSPClearGeometryMode(G_TEXTURE_GEN),
	gsDPSetCombineLERP(0, 0, 0, SHADE, 0, 0, 0, ENVIRONMENT, 0, 0, 0, SHADE, 0, 0, 0, ENVIRONMENT),
	gsSPTexture(65535, 65535, 0, 0, 0),
	gsSPEndDisplayList(),
};

// ---- b13 ----
Gfx b13_b13_ci8_aligner[] = {gsSPEndDisplayList()};
u8 b13_b13_ci8[] = {
	0x00, 0x00, 0x00, 0x00, 0x00, 0x00, 0x00, 0x00, 
	0x00, 0x00, 0x00, 0x00, 0x01, 0x01, 0x01, 0x01, 
	0x01, 0x01, 0x01, 0x01, 0x00, 0x00, 0x00, 0x00, 
	0x00, 0x00, 0x00, 0x00, 0x00, 0x00, 0x00, 0x00, 
	0x00, 0x00, 0x00, 0x00, 0x00, 0x00, 0x00, 0x00, 
	0x00, 0x01, 0x01, 0x01, 0x01, 0x01, 0x01, 0x01, 
	0x01, 0x01, 0x01, 0x01, 0x01, 0x01, 0x01, 0x00, 
	0x00, 0x00, 0x00, 0x00, 0x00, 0x00, 0x00, 0x00, 
	0x00, 0x00, 0x00, 0x00, 0x00, 0x00, 0x00, 0x01, 
	0x01, 0x01, 0x01, 0x01, 0x02, 0x03, 0x04, 0x05, 
	0x05, 0x04, 0x03, 0x02, 0x01, 0x01, 0x01, 0x01, 
	0x01, 0x00, 0x00, 0x00, 0x00, 0x00, 0x00, 0x00, 
	0x00, 0x00, 0x00, 0x00, 0x00, 0x00, 0x01, 0x01, 
	0x01, 0x06, 0x07, 0x08, 0x09, 0x09, 0x09, 0x09, 
	0x09, 0x09, 0x09, 0x09, 0x08, 0x07, 0x06, 0x01, 
	0x01, 0x01, 0x00, 0x00, 0x00, 0x00, 0x00, 0x00, 
	0x00, 0x00, 0x00, 0x00, 0x00, 0x01, 0x01, 0x01, 
	0x03, 0x0a, 0x09, 0x09, 0x0b, 0x08, 0x09, 0x0c, 
	0x08, 0x09, 0x0d, 0x0b, 0x09, 0x09, 0x0a, 0x03, 
	0x01, 0x01, 0x01, 0x00, 0x00, 0x00, 0x00, 0x00, 
	0x00, 0x00, 0x00, 0x00, 0x01, 0x01, 0x01, 0x0e, 
	0x09, 0x09, 0x09, 0x09, 0x03, 0x0f, 0x09, 0x02, 
	0x10, 0x09, 0x0f, 0x11, 0x09, 0x09, 0x09, 0x09, 
	0x0e, 0x01, 0x01, 0x01, 0x00, 0x00, 0x00, 0x00, 
	0x00, 0x00, 0x00, 0x01, 0x01, 0x01, 0x0d, 0x09, 
	0x09, 0x09, 0x09, 0x09, 0x03, 0x0f, 0x09, 0x02, 
	0x0e, 0x09, 0x04, 0x12, 0x09, 0x09, 0x09, 0x09, 
	0x09, 0x13, 0x01, 0x01, 0x01, 0x00, 0x00, 0x00, 
	0x00, 0x00, 0x01, 0x01, 0x01, 0x0e, 0x09, 0x09, 
	0x09, 0x09, 0x09, 0x09, 0x14, 0x14, 0x09, 0x08, 
	0x0a, 0x09, 0x0a, 0x15, 0x09, 0x09, 0x09, 0x09, 
	0x09, 0x09, 0x0e, 0x01, 0x01, 0x01, 0x00, 0x00, 
	0x00, 0x00, 0x01, 0x01, 0x03, 0x09, 0x09, 0x09, 
	0x09, 0x08, 0x03, 0x06, 0x01, 0x01, 0x01, 0x01, 
	0x01, 0x01, 0x01, 0x01, 0x06, 0x03, 0x08, 0x09, 
	0x09, 0x09, 0x09, 0x03, 0x01, 0x01, 0x00, 0x00, 
	0x00, 0x01, 0x01, 0x06, 0x0a, 0x09, 0x09, 0x09, 
	0x10, 0x01, 0x01, 0x01, 0x01, 0x01, 0x01, 0x01, 
	0x01, 0x01, 0x01, 0x01, 0x01, 0x01, 0x01, 0x10, 
	0x09, 0x09, 0x09, 0x0a, 0x16, 0x01, 0x01, 0x00, 
	0x00, 0x01, 0x01, 0x07, 0x09, 0x09, 0x09, 0x08, 
	0x01, 0x01, 0x01, 0x01, 0x01, 0x01, 0x01, 0x01, 
	0x01, 0x01, 0x01, 0x01, 0x01, 0x01, 0x01, 0x01, 
	0x08, 0x09, 0x09, 0x09, 0x07, 0x01, 0x01, 0x00, 
	0x00, 0x01, 0x01, 0x17, 0x09, 0x09, 0x09, 0x03, 
	0x01, 0x01, 0x01, 0x01, 0x01, 0x01, 0x01, 0x01, 
	0x01, 0x01, 0x01, 0x01, 0x01, 0x01, 0x01, 0x01, 
	0x03, 0x09, 0x09, 0x09, 0x08, 0x18, 0x01, 0x00, 
	0x01, 0x01, 0x02, 0x09, 0x09, 0x09, 0x09, 0x06, 
	0x01, 0x01, 0x01, 0x01, 0x01, 0x01, 0x01, 0x01, 
	0x01, 0x01, 0x01, 0x01, 0x01, 0x01, 0x01, 0x01, 
	0x06, 0x09, 0x09, 0x09, 0x09, 0x02, 0x01, 0x01, 
	0x01, 0x01, 0x19, 0x09, 0x09, 0x09, 0x09, 0x01, 
	0x01, 0x01, 0x01, 0x01, 0x01, 0x01, 0x01, 0x01, 
	0x01, 0x01, 0x01, 0x01, 0x01, 0x01, 0x01, 0x01, 
	0x01, 0x09, 0x09, 0x09, 0x09, 0x03, 0x01, 0x01, 
	0x01, 0x01, 0x04, 0x09, 0x09, 0x09, 0x09, 0x01, 
	0x01, 0x01, 0x01, 0x01, 0x01, 0x01, 0x01, 0x01, 
	0x01, 0x01, 0x01, 0x01, 0x01, 0x01, 0x01, 0x01, 
	0x01, 0x09, 0x09, 0x09, 0x09, 0x04, 0x01, 0x01, 
	0x01, 0x01, 0x0e, 0x09, 0x09, 0x09, 0x09, 0x01, 
	0x01, 0x01, 0x01, 0x01, 0x01, 0x01, 0x01, 0x01, 
	0x01, 0x01, 0x01, 0x01, 0x01, 0x01, 0x01, 0x01, 
	0x01, 0x09, 0x09, 0x09, 0x09, 0x0f, 0x01, 0x01, 
	0x01, 0x01, 0x0e, 0x09, 0x09, 0x09, 0x09, 0x1a, 
	0x01, 0x01, 0x01, 0x01, 0x01, 0x01, 0x01, 0x01, 
	0x01, 0x01, 0x01, 0x01, 0x01, 0x01, 0x01, 0x01, 
	0x1a, 0x09, 0x09, 0x09, 0x09, 0x0f, 0x01, 0x01, 
	0x01, 0x01, 0x04, 0x09, 0x09, 0x09, 0x09, 0x03, 
	0x01, 0x01, 0x01, 0x01, 0x01, 0x01, 0x01, 0x01, 
	0x01, 0x01, 0x01, 0x01, 0x01, 0x01, 0x01, 0x01, 
	0x03, 0x09, 0x09, 0x09, 0x09, 0x04, 0x01, 0x01, 
	0x01, 0x01, 0x03, 0x09, 0x09, 0x09, 0x09, 0x08, 
	0x01, 0x01, 0x01, 0x01, 0x01, 0x01, 0x01, 0x01, 
	0x01, 0x01, 0x01, 0x01, 0x01, 0x01, 0x01, 0x01, 
	0x1b, 0x09, 0x09, 0x09, 0x09, 0x03, 0x01, 0x01, 
	0x01, 0x01, 0x02, 0x09, 0x09, 0x09, 0x09, 0x09, 
	0x0e, 0x01, 0x01, 0x01, 0x01, 0x01, 0x01, 0x01, 
	0x01, 0x01, 0x01, 0x01, 0x01, 0x01, 0x01, 0x0e, 
	0x09, 0x09, 0x09, 0x09, 0x09, 0x02, 0x01, 0x01, 
	0x00, 0x01, 0x01, 0x17, 0x09, 0x09, 0x09, 0x09, 
	0x09, 0x1c, 0x03, 0x1a, 0x01, 0x01, 0x01, 0x01, 
	0x01, 0x01, 0x01, 0x01, 0x1a, 0x03, 0x1c, 0x09, 
	0x09, 0x09, 0x09, 0x09, 0x08, 0x18, 0x01, 0x00, 
	0x00, 0x01, 0x01, 0x07, 0x09, 0x09, 0x09, 0x09, 
	0x09, 0x1d, 0x08, 0x0d, 0x0f, 0x12, 0x1e, 0x11, 
	0x11, 0x0f, 0x0d, 0x15, 0x15, 0x1f, 0x09, 0x09, 
	0x09, 0x09, 0x09, 0x09, 0x07, 0x01, 0x01, 0x00, 
	0x00, 0x01, 0x01, 0x06, 0x0a, 0x09, 0x09, 0x09, 
	0x09, 0x0b, 0x1e, 0x11, 0x01, 0x01, 0x20, 0x20, 
	0x20, 0x20, 0x11, 0x0d, 0x1b, 0x0b, 0x0a, 0x21, 
	0x1f, 0x09, 0x09, 0x0a, 0x16, 0x01, 0x01, 0x00, 
	0x00, 0x00, 0x01, 0x01, 0x03, 0x09, 0x09, 0x09, 
	0x1d, 0x0b, 0x22, 0x03, 0x10, 0x06, 0x01, 0x01, 
	0x20, 0x20, 0x1e, 0x07, 0x1e, 0x0f, 0x0f, 0x10, 
	0x08, 0x09, 0x09, 0x03, 0x01, 0x01, 0x00, 0x00, 
	0x00, 0x00, 0x01, 0x01, 0x18, 0x0e, 0x09, 0x09, 
	0x1f, 0x08, 0x0b, 0x1b, 0x0b, 0x02, 0x1a, 0x1a, 
	0x03, 0x0e, 0x03, 0x06, 0x03, 0x10, 0x23, 0x23, 
	0x23, 0x09, 0x0e, 0x01, 0x01, 0x01, 0x00, 0x00, 
	0x00, 0x00, 0x00, 0x01, 0x01, 0x01, 0x0d, 0x09, 
	0x09, 0x14, 0x04, 0x11, 0x02, 0x03, 0x0d, 0x14, 
	0x09, 0x09, 0x09, 0x19, 0x12, 0x04, 0x0d, 0x15, 
	0x15, 0x0d, 0x01, 0x01, 0x01, 0x00, 0x00, 0x00, 
	0x00, 0x00, 0x00, 0x00, 0x01, 0x01, 0x01, 0x0e, 
	0x09, 0x09, 0x09, 0x23, 0x21, 0x09, 0x09, 0x09, 
	0x09, 0x09, 0x09, 0x09, 0x09, 0x09, 0x09, 0x09, 
	0x0e, 0x01, 0x01, 0x01, 0x00, 0x00, 0x00, 0x00, 
	0x00, 0x00, 0x00, 0x00, 0x00, 0x01, 0x01, 0x01, 
	0x03, 0x0a, 0x09, 0x09, 0x09, 0x09, 0x09, 0x09, 
	0x09, 0x09, 0x09, 0x09, 0x09, 0x09, 0x0a, 0x03, 
	0x01, 0x01, 0x01, 0x00, 0x00, 0x00, 0x00, 0x00, 
	0x00, 0x00, 0x00, 0x00, 0x00, 0x00, 0x01, 0x01, 
	0x01, 0x16, 0x07, 0x17, 0x09, 0x09, 0x09, 0x09, 
	0x09, 0x09, 0x09, 0x09, 0x08, 0x07, 0x16, 0x01, 
	0x01, 0x01, 0x00, 0x00, 0x00, 0x00, 0x00, 0x00, 
	0x00, 0x00, 0x00, 0x00, 0x00, 0x00, 0x00, 0x01, 
	0x01, 0x01, 0x01, 0x18, 0x02, 0x03, 0x04, 0x0f, 
	0x0f, 0x04, 0x03, 0x02, 0x18, 0x01, 0x01, 0x01, 
	0x01, 0x00, 0x00, 0x00, 0x00, 0x00, 0x00, 0x00, 
	0x00, 0x00, 0x00, 0x00, 0x00, 0x00, 0x00, 0x00, 
	0x00, 0x01, 0x01, 0x01, 0x01, 0x01, 0x01, 0x01, 
	0x01, 0x01, 0x01, 0x01, 0x01, 0x01, 0x01, 0x00, 
	0x00, 0x00, 0x00, 0x00, 0x00, 0x00, 0x00, 0x00, 
	0x00, 0x00, 0x00, 0x00, 0x00, 0x00, 0x00, 0x00, 
	0x00, 0x00, 0x00, 0x00, 0x01, 0x01, 0x01, 0x01, 
	0x01, 0x01, 0x01, 0x01, 0x00, 0x00, 0x00, 0x00, 
	0x00, 0x00, 0x00, 0x00, 0x00, 0x00, 0x00, 0x00, 
	
};

Gfx b13_b13_ci8_pal_rgba16_aligner[] = {gsSPEndDisplayList()};
u8 b13_b13_ci8_pal_rgba16[] = {
	0x4a, 0x6e, 0x4a, 0x6f, 0x42, 0x6b, 0x3a, 0x25, 
	0x31, 0xe1, 0x31, 0x9f, 0x42, 0x6d, 0x39, 0xe3, 
	0x21, 0x53, 0x18, 0xc7, 0x21, 0x0f, 0x29, 0x57, 
	0x29, 0x59, 0x29, 0x99, 0x31, 0x9d, 0x31, 0xdf, 
	0x31, 0x9b, 0x42, 0x29, 0x3a, 0x29, 0x29, 0x9b, 
	0x21, 0x0d, 0x21, 0x11, 0x4a, 0x6d, 0x21, 0x13, 
	0x4a, 0xaf, 0x39, 0xe5, 0x42, 0x6f, 0x29, 0x55, 
	0x29, 0x53, 0x21, 0x0b, 0x3a, 0x27, 0x18, 0xc9, 
	0x4a, 0xb1, 0x18, 0xcb, 0x31, 0xdd, 0x19, 0x0b, 
	
};

Gfx mat_b13_f3d_material[] = {
	gsDPPipeSync(),
	gsDPSetCombineLERP(0, 0, 0, TEXEL0, 0, 0, 0, TEXEL0, 0, 0, 0, TEXEL0, 0, 0, 0, TEXEL0),
	gsSPClearGeometryMode(G_CULL_BACK),
	gsSPSetGeometryMode(G_LIGHTING),
	gsSPTexture(65535, 65535, 0, 0, 1),
	gsDPSetTextureLUT(G_TT_RGBA16),
	gsDPSetTextureImage(G_IM_FMT_RGBA, G_IM_SIZ_16b, 1, b13_b13_ci8_pal_rgba16),
	gsDPTileSync(),
	gsDPSetTile(0, 0, 0, 256, 7, 0, G_TX_WRAP | G_TX_NOMIRROR, 0, 0, G_TX_WRAP | G_TX_NOMIRROR, 0, 0),
	gsDPLoadSync(),
	gsDPLoadTLUTCmd(7, 35),
	gsDPPipeSync(),
	gsDPTileSync(),
	gsDPSetTextureImage(G_IM_FMT_CI, G_IM_SIZ_8b_LOAD_BLOCK, 1, b13_b13_ci8),
	gsDPSetTile(G_IM_FMT_CI, G_IM_SIZ_8b_LOAD_BLOCK, 0, 0, 7, 0, G_TX_CLAMP | G_TX_NOMIRROR, 5, 0, G_TX_CLAMP | G_TX_NOMIRROR, 5, 0),
	gsDPLoadSync(),
	gsDPLoadBlock(7, 0, 0, 511, 512),
	gsDPPipeSync(),
	gsDPSetTile(G_IM_FMT_CI, G_IM_SIZ_8b, 4, 0, 0, 0, G_TX_CLAMP | G_TX_NOMIRROR, 5, 0, G_TX_CLAMP | G_TX_NOMIRROR, 5, 0),
	gsDPSetTileSize(0, 0, 0, 124, 124),
    gsSPLightColor(LIGHT_1, 0xfefefeff),
    gsSPLightColor(LIGHT_2, 0x7f7f7fff),
	gsSPEndDisplayList(),
};

Gfx b13_Plane_001_mesh[] = {
	gsSPDisplayList(mat_b13_f3d_material),
	gsSPDisplayList(badge_textures_mesh_tri_0),
	gsSPDisplayList(badge_textures_mat_revert),
	gsDPPipeSync(),
	gsSPSetGeometryMode(G_LIGHTING),
	gsSPClearGeometryMode(G_TEXTURE_GEN),
	gsDPSetCombineLERP(0, 0, 0, SHADE, 0, 0, 0, ENVIRONMENT, 0, 0, 0, SHADE, 0, 0, 0, ENVIRONMENT),
	gsSPTexture(65535, 65535, 0, 0, 0),
	gsSPEndDisplayList(),
};

// ---- b14 ----
Gfx b14_b14_ci8_aligner[] = {gsSPEndDisplayList()};
u8 b14_b14_ci8[] = {
	0x00, 0x00, 0x00, 0x00, 0x00, 0x00, 0x00, 0x00, 
	0x00, 0x00, 0x00, 0x00, 0x01, 0x01, 0x01, 0x01, 
	0x01, 0x01, 0x01, 0x01, 0x00, 0x00, 0x00, 0x00, 
	0x00, 0x00, 0x00, 0x00, 0x00, 0x00, 0x00, 0x00, 
	0x00, 0x00, 0x00, 0x00, 0x00, 0x00, 0x00, 0x00, 
	0x00, 0x01, 0x01, 0x01, 0x01, 0x01, 0x01, 0x01, 
	0x01, 0x01, 0x01, 0x01, 0x01, 0x01, 0x01, 0x00, 
	0x00, 0x00, 0x00, 0x00, 0x00, 0x00, 0x00, 0x00, 
	0x00, 0x00, 0x00, 0x00, 0x00, 0x00, 0x00, 0x01, 
	0x01, 0x01, 0x01, 0x01, 0x02, 0x03, 0x04, 0x05, 
	0x05, 0x04, 0x03, 0x02, 0x01, 0x01, 0x01, 0x01, 
	0x01, 0x00, 0x00, 0x00, 0x00, 0x00, 0x00, 0x00, 
	0x00, 0x00, 0x00, 0x00, 0x00, 0x00, 0x01, 0x01, 
	0x01, 0x06, 0x07, 0x08, 0x09, 0x09, 0x09, 0x09, 
	0x09, 0x09, 0x09, 0x09, 0x08, 0x07, 0x06, 0x01, 
	0x01, 0x01, 0x00, 0x00, 0x00, 0x00, 0x00, 0x00, 
	0x00, 0x00, 0x00, 0x00, 0x00, 0x01, 0x01, 0x01, 
	0x03, 0x0a, 0x09, 0x09, 0x09, 0x09, 0x09, 0x09, 
	0x09, 0x09, 0x09, 0x09, 0x09, 0x09, 0x0a, 0x0b, 
	0x01, 0x01, 0x01, 0x00, 0x00, 0x00, 0x00, 0x00, 
	0x00, 0x00, 0x00, 0x00, 0x01, 0x01, 0x06, 0x0c, 
	0x09, 0x09, 0x09, 0x09, 0x09, 0x09, 0x09, 0x09, 
	0x09, 0x09, 0x09, 0x09, 0x09, 0x09, 0x09, 0x09, 
	0x0d, 0x01, 0x01, 0x01, 0x00, 0x00, 0x00, 0x00, 
	0x00, 0x00, 0x00, 0x01, 0x01, 0x01, 0x0e, 0x09, 
	0x09, 0x09, 0x09, 0x09, 0x09, 0x09, 0x09, 0x09, 
	0x09, 0x09, 0x09, 0x09, 0x09, 0x09, 0x09, 0x09, 
	0x09, 0x0f, 0x01, 0x01, 0x10, 0x11, 0x00, 0x00, 
	0x00, 0x00, 0x01, 0x01, 0x01, 0x0c, 0x09, 0x09, 
	0x09, 0x09, 0x09, 0x09, 0x09, 0x09, 0x09, 0x09, 
	0x09, 0x09, 0x09, 0x09, 0x09, 0x09, 0x09, 0x09, 
	0x09, 0x09, 0x0d, 0x01, 0x10, 0x10, 0x00, 0x00, 
	0x00, 0x00, 0x01, 0x01, 0x03, 0x12, 0x13, 0x02, 
	0x02, 0x02, 0x02, 0x02, 0x03, 0x14, 0x09, 0x09, 
	0x09, 0x09, 0x09, 0x09, 0x09, 0x09, 0x09, 0x09, 
	0x09, 0x09, 0x09, 0x0b, 0x10, 0x10, 0x11, 0x00, 
	0x00, 0x01, 0x01, 0x06, 0x0a, 0x09, 0x05, 0x01, 
	0x01, 0x01, 0x01, 0x01, 0x01, 0x15, 0x16, 0x17, 
	0x16, 0x09, 0x09, 0x09, 0x09, 0x09, 0x09, 0x09, 
	0x09, 0x09, 0x09, 0x0a, 0x06, 0x10, 0x10, 0x00, 
	0x00, 0x01, 0x01, 0x07, 0x09, 0x09, 0x09, 0x13, 
	0x01, 0x01, 0x01, 0x01, 0x06, 0x02, 0x02, 0x01, 
	0x18, 0x16, 0x19, 0x09, 0x09, 0x09, 0x09, 0x09, 
	0x09, 0x09, 0x09, 0x09, 0x07, 0x10, 0x10, 0x11, 
	0x00, 0x01, 0x01, 0x1a, 0x09, 0x09, 0x09, 0x1a, 
	0x01, 0x01, 0x01, 0x01, 0x0e, 0x1b, 0x01, 0x01, 
	0x1c, 0x0e, 0x02, 0x0f, 0x09, 0x09, 0x09, 0x09, 
	0x09, 0x09, 0x09, 0x09, 0x08, 0x01, 0x10, 0x11, 
	0x01, 0x01, 0x1d, 0x09, 0x09, 0x09, 0x09, 0x09, 
	0x04, 0x01, 0x01, 0x01, 0x02, 0x0f, 0x0f, 0x06, 
	0x01, 0x01, 0x01, 0x13, 0x12, 0x09, 0x09, 0x09, 
	0x09, 0x09, 0x09, 0x09, 0x09, 0x02, 0x10, 0x10, 
	0x01, 0x01, 0x17, 0x09, 0x09, 0x09, 0x09, 0x09, 
	0x09, 0x13, 0x06, 0x13, 0x02, 0x01, 0x04, 0x1e, 
	0x02, 0x01, 0x01, 0x1b, 0x19, 0x1f, 0x09, 0x09, 
	0x09, 0x09, 0x09, 0x09, 0x09, 0x03, 0x10, 0x10, 
	0x01, 0x01, 0x04, 0x09, 0x09, 0x09, 0x09, 0x09, 
	0x09, 0x19, 0x0a, 0x20, 0x13, 0x01, 0x01, 0x17, 
	0x21, 0x06, 0x01, 0x1e, 0x13, 0x07, 0x09, 0x09, 
	0x09, 0x09, 0x09, 0x09, 0x09, 0x1b, 0x10, 0x10, 
	0x01, 0x01, 0x0d, 0x09, 0x09, 0x09, 0x09, 0x09, 
	0x09, 0x09, 0x14, 0x02, 0x01, 0x01, 0x06, 0x01, 
	0x03, 0x16, 0x02, 0x02, 0x01, 0x01, 0x1f, 0x09, 
	0x09, 0x09, 0x09, 0x09, 0x09, 0x05, 0x10, 0x10, 
	0x01, 0x01, 0x0d, 0x09, 0x09, 0x09, 0x09, 0x09, 
	0x09, 0x09, 0x09, 0x09, 0x13, 0x13, 0x16, 0x01, 
	0x01, 0x02, 0x1e, 0x01, 0x01, 0x01, 0x01, 0x09, 
	0x09, 0x09, 0x09, 0x09, 0x09, 0x05, 0x10, 0x10, 
	0x01, 0x01, 0x04, 0x09, 0x09, 0x09, 0x09, 0x09, 
	0x09, 0x09, 0x09, 0x09, 0x09, 0x12, 0x03, 0x01, 
	0x01, 0x01, 0x03, 0x08, 0x02, 0x0b, 0x14, 0x19, 
	0x09, 0x09, 0x09, 0x09, 0x09, 0x1b, 0x10, 0x10, 
	0x01, 0x01, 0x17, 0x09, 0x09, 0x09, 0x09, 0x09, 
	0x09, 0x09, 0x09, 0x09, 0x09, 0x14, 0x02, 0x01, 
	0x01, 0x01, 0x01, 0x1c, 0x16, 0x13, 0x06, 0x0e, 
	0x09, 0x09, 0x09, 0x09, 0x09, 0x03, 0x10, 0x10, 
	0x01, 0x01, 0x1d, 0x09, 0x09, 0x09, 0x09, 0x09, 
	0x09, 0x09, 0x09, 0x09, 0x09, 0x09, 0x22, 0x1a, 
	0x1e, 0x1e, 0x02, 0x01, 0x18, 0x0d, 0x01, 0x0e, 
	0x09, 0x09, 0x09, 0x09, 0x09, 0x02, 0x10, 0x10, 
	0x00, 0x01, 0x01, 0x1a, 0x09, 0x09, 0x09, 0x09, 
	0x09, 0x09, 0x09, 0x09, 0x09, 0x09, 0x09, 0x09, 
	0x1e, 0x1c, 0x01, 0x03, 0x13, 0x0f, 0x13, 0x1f, 
	0x09, 0x09, 0x09, 0x09, 0x08, 0x01, 0x10, 0x11, 
	0x00, 0x01, 0x01, 0x07, 0x09, 0x09, 0x09, 0x09, 
	0x09, 0x09, 0x09, 0x09, 0x09, 0x09, 0x09, 0x09, 
	0x09, 0x0d, 0x17, 0x1f, 0x17, 0x13, 0x1f, 0x09, 
	0x09, 0x09, 0x09, 0x09, 0x07, 0x10, 0x10, 0x11, 
	0x00, 0x10, 0x10, 0x06, 0x0a, 0x09, 0x09, 0x09, 
	0x09, 0x09, 0x09, 0x09, 0x09, 0x09, 0x09, 0x09, 
	0x09, 0x09, 0x09, 0x19, 0x1f, 0x12, 0x13, 0x1a, 
	0x09, 0x09, 0x09, 0x14, 0x06, 0x10, 0x10, 0x00, 
	0x00, 0x11, 0x10, 0x10, 0x03, 0x09, 0x09, 0x09, 
	0x09, 0x09, 0x09, 0x09, 0x09, 0x09, 0x09, 0x09, 
	0x09, 0x09, 0x09, 0x09, 0x09, 0x09, 0x09, 0x07, 
	0x23, 0x09, 0x09, 0x1c, 0x10, 0x10, 0x11, 0x00, 
	0x00, 0x00, 0x10, 0x10, 0x01, 0x0c, 0x09, 0x09, 
	0x09, 0x09, 0x09, 0x09, 0x09, 0x09, 0x09, 0x09, 
	0x09, 0x09, 0x09, 0x09, 0x09, 0x09, 0x09, 0x21, 
	0x18, 0x09, 0x0d, 0x10, 0x10, 0x10, 0x00, 0x00, 
	0x00, 0x00, 0x11, 0x10, 0x10, 0x01, 0x0e, 0x09, 
	0x09, 0x09, 0x09, 0x09, 0x09, 0x09, 0x09, 0x09, 
	0x09, 0x09, 0x09, 0x09, 0x09, 0x09, 0x09, 0x09, 
	0x09, 0x0f, 0x01, 0x10, 0x10, 0x11, 0x00, 0x00, 
	0x00, 0x00, 0x00, 0x11, 0x10, 0x10, 0x01, 0x0c, 
	0x09, 0x09, 0x09, 0x09, 0x09, 0x09, 0x09, 0x09, 
	0x09, 0x09, 0x09, 0x09, 0x09, 0x09, 0x09, 0x09, 
	0x0d, 0x01, 0x10, 0x10, 0x11, 0x00, 0x00, 0x00, 
	0x00, 0x00, 0x00, 0x00, 0x11, 0x10, 0x10, 0x10, 
	0x24, 0x0a, 0x09, 0x09, 0x09, 0x09, 0x09, 0x09, 
	0x09, 0x09, 0x09, 0x09, 0x09, 0x09, 0x14, 0x1c, 
	0x10, 0x10, 0x10, 0x11, 0x00, 0x00, 0x00, 0x00, 
	0x00, 0x00, 0x00, 0x00, 0x00, 0x11, 0x10, 0x10, 
	0x10, 0x06, 0x07, 0x08, 0x09, 0x09, 0x09, 0x09, 
	0x09, 0x09, 0x09, 0x09, 0x08, 0x07, 0x06, 0x10, 
	0x10, 0x10, 0x11, 0x00, 0x00, 0x00, 0x00, 0x00, 
	0x00, 0x00, 0x00, 0x00, 0x00, 0x00, 0x11, 0x10, 
	0x10, 0x10, 0x10, 0x01, 0x02, 0x03, 0x1b, 0x05, 
	0x05, 0x1b, 0x03, 0x02, 0x01, 0x10, 0x10, 0x10, 
	0x10, 0x11, 0x00, 0x00, 0x00, 0x00, 0x00, 0x00, 
	0x00, 0x00, 0x00, 0x00, 0x00, 0x00, 0x00, 0x00, 
	0x11, 0x10, 0x10, 0x10, 0x10, 0x10, 0x10, 0x10, 
	0x10, 0x10, 0x10, 0x10, 0x10, 0x10, 0x10, 0x11, 
	0x00, 0x00, 0x00, 0x00, 0x00, 0x00, 0x00, 0x00, 
	0x00, 0x00, 0x00, 0x00, 0x00, 0x00, 0x00, 0x00, 
	0x00, 0x00, 0x11, 0x11, 0x10, 0x10, 0x10, 0x10, 
	0x10, 0x10, 0x10, 0x10, 0x11, 0x11, 0x00, 0x00, 
	0x00, 0x00, 0x00, 0x00, 0x00, 0x00, 0x00, 0x00, 
	
};

Gfx b14_b14_ci8_pal_rgba16_aligner[] = {gsSPEndDisplayList()};
u8 b14_b14_ci8_pal_rgba16[] = {
	0x64, 0x66, 0x64, 0x67, 0x5c, 0x25, 0x4b, 0x9f, 
	0x43, 0x1b, 0x42, 0xdb, 0x5c, 0x67, 0x4b, 0x5d, 
	0x29, 0xd1, 0x18, 0xc7, 0x21, 0x8d, 0x4b, 0xa1, 
	0x3a, 0xd9, 0x42, 0xd9, 0x3a, 0x55, 0x3a, 0x97, 
	0x64, 0x69, 0x64, 0x68, 0x19, 0x09, 0x53, 0xe3, 
	0x29, 0x8d, 0x5c, 0x27, 0x32, 0x13, 0x4b, 0x5f, 
	0x3a, 0x99, 0x21, 0x4b, 0x29, 0xcf, 0x4b, 0x1d, 
	0x53, 0xa1, 0x5c, 0x23, 0x29, 0x8f, 0x21, 0x4d, 
	0x32, 0x55, 0x32, 0x11, 0x21, 0x0b, 0x21, 0x09, 
	0x53, 0x9f, 
};

Gfx mat_b14_f3d_material[] = {
	gsDPPipeSync(),
	gsDPSetCombineLERP(0, 0, 0, TEXEL0, 0, 0, 0, TEXEL0, 0, 0, 0, TEXEL0, 0, 0, 0, TEXEL0),
	gsSPClearGeometryMode(G_CULL_BACK),
	gsSPSetGeometryMode(G_LIGHTING),
	gsSPTexture(65535, 65535, 0, 0, 1),
	gsDPSetTextureLUT(G_TT_RGBA16),
	gsDPSetTextureImage(G_IM_FMT_RGBA, G_IM_SIZ_16b, 1, b14_b14_ci8_pal_rgba16),
	gsDPTileSync(),
	gsDPSetTile(0, 0, 0, 256, 7, 0, G_TX_WRAP | G_TX_NOMIRROR, 0, 0, G_TX_WRAP | G_TX_NOMIRROR, 0, 0),
	gsDPLoadSync(),
	gsDPLoadTLUTCmd(7, 36),
	gsDPPipeSync(),
	gsDPTileSync(),
	gsDPSetTextureImage(G_IM_FMT_CI, G_IM_SIZ_8b_LOAD_BLOCK, 1, b14_b14_ci8),
	gsDPSetTile(G_IM_FMT_CI, G_IM_SIZ_8b_LOAD_BLOCK, 0, 0, 7, 0, G_TX_CLAMP | G_TX_NOMIRROR, 5, 0, G_TX_CLAMP | G_TX_NOMIRROR, 5, 0),
	gsDPLoadSync(),
	gsDPLoadBlock(7, 0, 0, 511, 512),
	gsDPPipeSync(),
	gsDPSetTile(G_IM_FMT_CI, G_IM_SIZ_8b, 4, 0, 0, 0, G_TX_CLAMP | G_TX_NOMIRROR, 5, 0, G_TX_CLAMP | G_TX_NOMIRROR, 5, 0),
	gsDPSetTileSize(0, 0, 0, 124, 124),
    gsSPLightColor(LIGHT_1, 0xfefefeff),
    gsSPLightColor(LIGHT_2, 0x7f7f7fff),
	gsSPEndDisplayList(),
};

Gfx b14_Plane_001_mesh[] = {
	gsSPDisplayList(mat_b14_f3d_material),
	gsSPDisplayList(badge_textures_mesh_tri_0),
	gsSPDisplayList(badge_textures_mat_revert),
	gsDPPipeSync(),
	gsSPSetGeometryMode(G_LIGHTING),
	gsSPClearGeometryMode(G_TEXTURE_GEN),
	gsDPSetCombineLERP(0, 0, 0, SHADE, 0, 0, 0, ENVIRONMENT, 0, 0, 0, SHADE, 0, 0, 0, ENVIRONMENT),
	gsSPTexture(65535, 65535, 0, 0, 0),
	gsSPEndDisplayList(),
};

// ---- b15 ----
Gfx b15_b15_ci8_aligner[] = {gsSPEndDisplayList()};
u8 b15_b15_ci8[] = {
	0x00, 0x00, 0x00, 0x00, 0x00, 0x00, 0x00, 0x00, 
	0x00, 0x00, 0x00, 0x00, 0x01, 0x01, 0x01, 0x01, 
	0x01, 0x01, 0x01, 0x01, 0x00, 0x00, 0x00, 0x00, 
	0x00, 0x00, 0x00, 0x00, 0x00, 0x00, 0x00, 0x00, 
	0x00, 0x00, 0x00, 0x00, 0x00, 0x00, 0x00, 0x00, 
	0x00, 0x01, 0x01, 0x01, 0x01, 0x01, 0x01, 0x01, 
	0x01, 0x01, 0x01, 0x01, 0x01, 0x01, 0x01, 0x00, 
	0x00, 0x00, 0x00, 0x00, 0x00, 0x00, 0x00, 0x00, 
	0x00, 0x00, 0x00, 0x00, 0x00, 0x00, 0x00, 0x01, 
	0x01, 0x01, 0x01, 0x01, 0x02, 0x03, 0x04, 0x05, 
	0x05, 0x04, 0x06, 0x02, 0x01, 0x01, 0x01, 0x01, 
	0x01, 0x00, 0x00, 0x00, 0x00, 0x00, 0x00, 0x00, 
	0x00, 0x00, 0x00, 0x00, 0x00, 0x00, 0x01, 0x01, 
	0x01, 0x07, 0x08, 0x09, 0x0a, 0x0a, 0x0a, 0x0a, 
	0x0a, 0x0a, 0x0a, 0x0a, 0x09, 0x0b, 0x07, 0x01, 
	0x01, 0x01, 0x00, 0x00, 0x00, 0x00, 0x00, 0x00, 
	0x00, 0x00, 0x00, 0x00, 0x00, 0x01, 0x01, 0x01, 
	0x06, 0x0c, 0x0a, 0x0a, 0x0a, 0x0a, 0x0a, 0x0a, 
	0x0a, 0x0a, 0x0a, 0x0a, 0x0a, 0x0a, 0x0c, 0x06, 
	0x01, 0x01, 0x01, 0x00, 0x00, 0x00, 0x00, 0x00, 
	0x00, 0x00, 0x00, 0x00, 0x01, 0x01, 0x07, 0x0d, 
	0x0a, 0x0a, 0x0a, 0x0a, 0x0a, 0x0a, 0x0a, 0x0a, 
	0x0a, 0x0a, 0x0a, 0x0a, 0x0a, 0x0a, 0x0a, 0x0a, 
	0x05, 0x01, 0x01, 0x01, 0x00, 0x00, 0x00, 0x00, 
	0x00, 0x00, 0x00, 0x01, 0x01, 0x01, 0x0e, 0x0a, 
	0x0a, 0x0a, 0x0a, 0x0a, 0x0a, 0x0a, 0x0a, 0x0a, 
	0x0a, 0x0a, 0x0a, 0x0a, 0x0a, 0x0a, 0x0a, 0x0a, 
	0x0a, 0x0f, 0x01, 0x01, 0x10, 0x11, 0x00, 0x00, 
	0x00, 0x00, 0x01, 0x01, 0x01, 0x0d, 0x0a, 0x0a, 
	0x0a, 0x0a, 0x0a, 0x0a, 0x0a, 0x12, 0x13, 0x13, 
	0x13, 0x13, 0x12, 0x0a, 0x0a, 0x0a, 0x0a, 0x0a, 
	0x0a, 0x0a, 0x05, 0x01, 0x10, 0x10, 0x00, 0x00, 
	0x00, 0x00, 0x01, 0x01, 0x03, 0x0a, 0x0a, 0x0a, 
	0x0a, 0x0a, 0x0a, 0x0a, 0x09, 0x08, 0x14, 0x14, 
	0x14, 0x14, 0x08, 0x09, 0x0a, 0x0a, 0x0a, 0x0a, 
	0x0a, 0x0a, 0x0a, 0x06, 0x10, 0x10, 0x11, 0x00, 
	0x00, 0x01, 0x01, 0x07, 0x15, 0x0a, 0x0a, 0x0a, 
	0x0a, 0x0a, 0x0a, 0x16, 0x17, 0x01, 0x01, 0x07, 
	0x07, 0x01, 0x01, 0x17, 0x16, 0x0a, 0x0a, 0x0a, 
	0x0a, 0x0a, 0x0a, 0x0c, 0x07, 0x10, 0x10, 0x00, 
	0x00, 0x01, 0x01, 0x08, 0x0a, 0x0a, 0x0a, 0x0a, 
	0x0a, 0x0a, 0x0a, 0x18, 0x01, 0x19, 0x05, 0x1a, 
	0x1a, 0x05, 0x19, 0x01, 0x18, 0x0a, 0x0a, 0x0a, 
	0x0a, 0x0a, 0x0a, 0x0a, 0x0b, 0x10, 0x10, 0x11, 
	0x00, 0x01, 0x01, 0x09, 0x0a, 0x0a, 0x0a, 0x0a, 
	0x0a, 0x0a, 0x0a, 0x1b, 0x01, 0x07, 0x1c, 0x1c, 
	0x1c, 0x1c, 0x07, 0x01, 0x1b, 0x0a, 0x0a, 0x0a, 
	0x0a, 0x0a, 0x0a, 0x0a, 0x09, 0x10, 0x10, 0x11, 
	0x01, 0x01, 0x1d, 0x0a, 0x0a, 0x0a, 0x0a, 0x0a, 
	0x0a, 0x0a, 0x1e, 0x19, 0x01, 0x01, 0x19, 0x10, 
	0x10, 0x19, 0x01, 0x01, 0x19, 0x1f, 0x0a, 0x0a, 
	0x0a, 0x0a, 0x0a, 0x0a, 0x0a, 0x02, 0x10, 0x10, 
	0x01, 0x01, 0x0b, 0x0a, 0x0a, 0x0a, 0x0a, 0x0a, 
	0x0a, 0x20, 0x01, 0x01, 0x01, 0x01, 0x01, 0x01, 
	0x01, 0x01, 0x01, 0x01, 0x01, 0x01, 0x1f, 0x0a, 
	0x0a, 0x0a, 0x0a, 0x0a, 0x0a, 0x06, 0x10, 0x10, 
	0x01, 0x01, 0x21, 0x0a, 0x0a, 0x0a, 0x0a, 0x0a, 
	0x12, 0x19, 0x01, 0x01, 0x01, 0x01, 0x01, 0x01, 
	0x01, 0x01, 0x01, 0x01, 0x01, 0x01, 0x19, 0x12, 
	0x0a, 0x0a, 0x0a, 0x0a, 0x0a, 0x04, 0x10, 0x10, 
	0x01, 0x01, 0x05, 0x0a, 0x0a, 0x0a, 0x0a, 0x0a, 
	0x0e, 0x01, 0x01, 0x01, 0x01, 0x01, 0x01, 0x01, 
	0x01, 0x01, 0x01, 0x01, 0x01, 0x01, 0x01, 0x0e, 
	0x0a, 0x0a, 0x0a, 0x0a, 0x0a, 0x05, 0x10, 0x10, 
	0x01, 0x01, 0x05, 0x0a, 0x0a, 0x0a, 0x0a, 0x0a, 
	0x08, 0x01, 0x01, 0x01, 0x01, 0x01, 0x01, 0x01, 
	0x01, 0x01, 0x01, 0x01, 0x01, 0x01, 0x01, 0x08, 
	0x0a, 0x0a, 0x0a, 0x0a, 0x0a, 0x05, 0x10, 0x10, 
	0x01, 0x01, 0x21, 0x0a, 0x0a, 0x0a, 0x0a, 0x1c, 
	0x06, 0x01, 0x01, 0x01, 0x01, 0x01, 0x01, 0x01, 
	0x01, 0x01, 0x01, 0x01, 0x01, 0x01, 0x01, 0x06, 
	0x1c, 0x0a, 0x0a, 0x0a, 0x0a, 0x04, 0x10, 0x10, 
	0x01, 0x01, 0x0b, 0x0a, 0x0a, 0x0a, 0x0a, 0x09, 
	0x02, 0x01, 0x01, 0x01, 0x01, 0x01, 0x01, 0x01, 
	0x01, 0x01, 0x01, 0x01, 0x01, 0x01, 0x01, 0x02, 
	0x09, 0x0a, 0x0a, 0x0a, 0x0a, 0x06, 0x10, 0x10, 
	0x01, 0x01, 0x1d, 0x0a, 0x0a, 0x0a, 0x0a, 0x22, 
	0x07, 0x01, 0x01, 0x01, 0x01, 0x01, 0x01, 0x01, 
	0x01, 0x01, 0x01, 0x01, 0x01, 0x01, 0x01, 0x07, 
	0x22, 0x0a, 0x0a, 0x0a, 0x0a, 0x02, 0x10, 0x10, 
	0x00, 0x01, 0x01, 0x23, 0x0a, 0x0a, 0x0a, 0x04, 
	0x01, 0x01, 0x01, 0x01, 0x01, 0x01, 0x01, 0x01, 
	0x01, 0x01, 0x01, 0x01, 0x01, 0x01, 0x01, 0x01, 
	0x04, 0x0a, 0x0a, 0x0a, 0x09, 0x10, 0x10, 0x11, 
	0x00, 0x01, 0x01, 0x08, 0x0a, 0x0a, 0x0a, 0x0b, 
	0x01, 0x07, 0x01, 0x01, 0x01, 0x01, 0x01, 0x01, 
	0x01, 0x01, 0x01, 0x01, 0x01, 0x01, 0x07, 0x01, 
	0x0b, 0x0a, 0x0a, 0x0a, 0x0b, 0x10, 0x10, 0x11, 
	0x00, 0x10, 0x10, 0x07, 0x15, 0x0a, 0x0a, 0x22, 
	0x04, 0x08, 0x24, 0x14, 0x14, 0x14, 0x14, 0x14, 
	0x14, 0x14, 0x14, 0x14, 0x14, 0x14, 0x08, 0x08, 
	0x22, 0x0a, 0x0a, 0x0c, 0x07, 0x10, 0x10, 0x00, 
	0x00, 0x11, 0x10, 0x10, 0x06, 0x0a, 0x0a, 0x0a, 
	0x0a, 0x0a, 0x0a, 0x0a, 0x0a, 0x0a, 0x0a, 0x0a, 
	0x0a, 0x0a, 0x0a, 0x0a, 0x0a, 0x0a, 0x0a, 0x0a, 
	0x0a, 0x0a, 0x0a, 0x06, 0x10, 0x10, 0x11, 0x00, 
	0x00, 0x00, 0x10, 0x10, 0x10, 0x0d, 0x0a, 0x0a, 
	0x0a, 0x0a, 0x0a, 0x0a, 0x0a, 0x0a, 0x0a, 0x0a, 
	0x0a, 0x0a, 0x0a, 0x0a, 0x0a, 0x0a, 0x0a, 0x0a, 
	0x0a, 0x0a, 0x05, 0x10, 0x10, 0x10, 0x00, 0x00, 
	0x00, 0x00, 0x11, 0x10, 0x10, 0x01, 0x0f, 0x0a, 
	0x0a, 0x0a, 0x0a, 0x0a, 0x0a, 0x0a, 0x0a, 0x0a, 
	0x0a, 0x0a, 0x0a, 0x0a, 0x0a, 0x0a, 0x0a, 0x0a, 
	0x0a, 0x0f, 0x01, 0x10, 0x10, 0x11, 0x00, 0x00, 
	0x00, 0x00, 0x00, 0x11, 0x10, 0x10, 0x01, 0x0d, 
	0x0a, 0x0a, 0x0a, 0x0a, 0x0a, 0x0a, 0x0a, 0x0a, 
	0x0a, 0x0a, 0x0a, 0x0a, 0x0a, 0x0a, 0x0a, 0x0a, 
	0x05, 0x01, 0x10, 0x10, 0x11, 0x00, 0x00, 0x00, 
	0x00, 0x00, 0x00, 0x00, 0x11, 0x10, 0x10, 0x10, 
	0x06, 0x0c, 0x0a, 0x0a, 0x0a, 0x0a, 0x0a, 0x0a, 
	0x0a, 0x0a, 0x0a, 0x0a, 0x0a, 0x0a, 0x0c, 0x06, 
	0x10, 0x10, 0x10, 0x11, 0x00, 0x00, 0x00, 0x00, 
	0x00, 0x00, 0x00, 0x00, 0x00, 0x11, 0x10, 0x10, 
	0x10, 0x07, 0x08, 0x09, 0x0a, 0x0a, 0x0a, 0x0a, 
	0x0a, 0x0a, 0x0a, 0x0a, 0x09, 0x0b, 0x07, 0x10, 
	0x10, 0x10, 0x11, 0x00, 0x00, 0x00, 0x00, 0x00, 
	0x00, 0x00, 0x00, 0x00, 0x00, 0x00, 0x11, 0x10, 
	0x10, 0x10, 0x10, 0x10, 0x02, 0x06, 0x04, 0x05, 
	0x05, 0x04, 0x06, 0x02, 0x10, 0x10, 0x10, 0x10, 
	0x10, 0x11, 0x00, 0x00, 0x00, 0x00, 0x00, 0x00, 
	0x00, 0x00, 0x00, 0x00, 0x00, 0x00, 0x00, 0x00, 
	0x11, 0x10, 0x10, 0x10, 0x10, 0x10, 0x10, 0x10, 
	0x10, 0x10, 0x10, 0x10, 0x10, 0x10, 0x10, 0x11, 
	0x00, 0x00, 0x00, 0x00, 0x00, 0x00, 0x00, 0x00, 
	0x00, 0x00, 0x00, 0x00, 0x00, 0x00, 0x00, 0x00, 
	0x00, 0x00, 0x11, 0x11, 0x10, 0x10, 0x10, 0x10, 
	0x10, 0x10, 0x10, 0x10, 0x11, 0x11, 0x00, 0x00, 
	0x00, 0x00, 0x00, 0x00, 0x00, 0x00, 0x00, 0x00, 
	
};

Gfx b15_b15_ci8_pal_rgba16_aligner[] = {gsSPEndDisplayList()};
u8 b15_b15_ci8_pal_rgba16[] = {
	0xab, 0x54, 0xab, 0x55, 0x9b, 0x15, 0x82, 0xd3, 
	0x72, 0x51, 0x6a, 0x4f, 0x8a, 0xd3, 0xa3, 0x55, 
	0x7a, 0x91, 0x41, 0x8b, 0x18, 0xc7, 0x82, 0x91, 
	0x39, 0x49, 0x6a, 0x0f, 0x59, 0xcd, 0x5a, 0x0d, 
	0xab, 0x57, 0xab, 0x56, 0x20, 0xc7, 0x62, 0x0f, 
	0x93, 0x13, 0x31, 0x49, 0x21, 0x09, 0x8b, 0x13, 
	0x6a, 0x51, 0xa3, 0x57, 0x39, 0x4b, 0x72, 0x91, 
	0x29, 0x09, 0x9b, 0x13, 0x7a, 0xd3, 0x72, 0x93, 
	0x7a, 0x93, 0x72, 0x4f, 0x62, 0x0d, 0x41, 0x4b, 
	0x92, 0xd3, 
};

Gfx mat_b15_f3d_material[] = {
	gsDPPipeSync(),
	gsDPSetCombineLERP(0, 0, 0, TEXEL0, 0, 0, 0, TEXEL0, 0, 0, 0, TEXEL0, 0, 0, 0, TEXEL0),
	gsSPClearGeometryMode(G_CULL_BACK),
	gsSPSetGeometryMode(G_LIGHTING),
	gsSPTexture(65535, 65535, 0, 0, 1),
	gsDPSetTextureLUT(G_TT_RGBA16),
	gsDPSetTextureImage(G_IM_FMT_RGBA, G_IM_SIZ_16b, 1, b15_b15_ci8_pal_rgba16),
	gsDPTileSync(),
	gsDPSetTile(0, 0, 0, 256, 7, 0, G_TX_WRAP | G_TX_NOMIRROR, 0, 0, G_TX_WRAP | G_TX_NOMIRROR, 0, 0),
	gsDPLoadSync(),
	gsDPLoadTLUTCmd(7, 36),
	gsDPPipeSync(),
	gsDPTileSync(),
	gsDPSetTextureImage(G_IM_FMT_CI, G_IM_SIZ_8b_LOAD_BLOCK, 1, b15_b15_ci8),
	gsDPSetTile(G_IM_FMT_CI, G_IM_SIZ_8b_LOAD_BLOCK, 0, 0, 7, 0, G_TX_CLAMP | G_TX_NOMIRROR, 5, 0, G_TX_CLAMP | G_TX_NOMIRROR, 5, 0),
	gsDPLoadSync(),
	gsDPLoadBlock(7, 0, 0, 511, 512),
	gsDPPipeSync(),
	gsDPSetTile(G_IM_FMT_CI, G_IM_SIZ_8b, 4, 0, 0, 0, G_TX_CLAMP | G_TX_NOMIRROR, 5, 0, G_TX_CLAMP | G_TX_NOMIRROR, 5, 0),
	gsDPSetTileSize(0, 0, 0, 124, 124),
    gsSPLightColor(LIGHT_1, 0xfefefeff),
    gsSPLightColor(LIGHT_2, 0x7f7f7fff),
	gsSPEndDisplayList(),
};

Gfx b15_Plane_001_mesh[] = {
	gsSPDisplayList(mat_b15_f3d_material),
	gsSPDisplayList(badge_textures_mesh_tri_0),
	gsSPDisplayList(badge_textures_mat_revert),
	gsDPPipeSync(),
	gsSPSetGeometryMode(G_LIGHTING),
	gsSPClearGeometryMode(G_TEXTURE_GEN),
	gsDPSetCombineLERP(0, 0, 0, SHADE, 0, 0, 0, ENVIRONMENT, 0, 0, 0, SHADE, 0, 0, 0, ENVIRONMENT),
	gsSPTexture(65535, 65535, 0, 0, 0),
	gsSPEndDisplayList(),
};

// ---- b16 ----
Gfx b16_b16_ci8_aligner[] = {gsSPEndDisplayList()};
u8 b16_b16_ci8[] = {
	0x00, 0x00, 0x00, 0x00, 0x00, 0x00, 0x00, 0x00, 
	0x00, 0x00, 0x00, 0x00, 0x01, 0x01, 0x01, 0x01, 
	0x01, 0x01, 0x01, 0x01, 0x00, 0x00, 0x00, 0x00, 
	0x00, 0x00, 0x00, 0x00, 0x00, 0x00, 0x00, 0x00, 
	0x00, 0x00, 0x00, 0x00, 0x00, 0x00, 0x00, 0x00, 
	0x00, 0x01, 0x01, 0x01, 0x01, 0x01, 0x01, 0x01, 
	0x01, 0x01, 0x01, 0x01, 0x01, 0x01, 0x01, 0x00, 
	0x00, 0x00, 0x00, 0x00, 0x00, 0x00, 0x00, 0x00, 
	0x00, 0x00, 0x00, 0x00, 0x00, 0x00, 0x00, 0x01, 
	0x01, 0x01, 0x01, 0x02, 0x03, 0x04, 0x05, 0x06, 
	0x06, 0x05, 0x04, 0x03, 0x02, 0x01, 0x01, 0x01, 
	0x01, 0x00, 0x00, 0x00, 0x00, 0x00, 0x00, 0x00, 
	0x00, 0x00, 0x00, 0x00, 0x00, 0x00, 0x01, 0x01, 
	0x01, 0x01, 0x07, 0x08, 0x09, 0x09, 0x09, 0x09, 
	0x09, 0x09, 0x09, 0x09, 0x08, 0x07, 0x01, 0x01, 
	0x01, 0x01, 0x00, 0x00, 0x00, 0x00, 0x00, 0x00, 
	0x00, 0x00, 0x00, 0x00, 0x00, 0x01, 0x01, 0x01, 
	0x04, 0x0a, 0x09, 0x09, 0x09, 0x09, 0x09, 0x09, 
	0x09, 0x09, 0x09, 0x09, 0x09, 0x09, 0x0a, 0x04, 
	0x01, 0x01, 0x01, 0x00, 0x00, 0x00, 0x00, 0x00, 
	0x00, 0x00, 0x00, 0x00, 0x01, 0x01, 0x01, 0x0b, 
	0x09, 0x09, 0x09, 0x0c, 0x08, 0x0a, 0x09, 0x09, 
	0x09, 0x09, 0x09, 0x09, 0x09, 0x09, 0x09, 0x09, 
	0x06, 0x01, 0x01, 0x01, 0x00, 0x00, 0x00, 0x00, 
	0x00, 0x00, 0x00, 0x01, 0x01, 0x01, 0x0d, 0x09, 
	0x09, 0x09, 0x0c, 0x0e, 0x0f, 0x05, 0x10, 0x09, 
	0x09, 0x09, 0x09, 0x09, 0x09, 0x09, 0x09, 0x09, 
	0x09, 0x0d, 0x01, 0x01, 0x02, 0x11, 0x00, 0x00, 
	0x00, 0x00, 0x01, 0x01, 0x01, 0x0b, 0x09, 0x0c, 
	0x12, 0x09, 0x13, 0x04, 0x14, 0x15, 0x16, 0x09, 
	0x09, 0x09, 0x09, 0x09, 0x09, 0x09, 0x09, 0x09, 
	0x09, 0x09, 0x0b, 0x01, 0x02, 0x02, 0x00, 0x00, 
	0x00, 0x00, 0x01, 0x01, 0x04, 0x09, 0x0c, 0x17, 
	0x14, 0x13, 0x16, 0x08, 0x0a, 0x16, 0x09, 0x09, 
	0x09, 0x09, 0x09, 0x09, 0x09, 0x09, 0x09, 0x09, 
	0x09, 0x09, 0x09, 0x04, 0x02, 0x02, 0x11, 0x00, 
	0x00, 0x01, 0x01, 0x01, 0x0a, 0x09, 0x0c, 0x18, 
	0x0f, 0x13, 0x19, 0x17, 0x13, 0x16, 0x09, 0x09, 
	0x09, 0x09, 0x09, 0x09, 0x09, 0x09, 0x09, 0x09, 
	0x09, 0x09, 0x09, 0x0a, 0x01, 0x02, 0x02, 0x00, 
	0x00, 0x01, 0x01, 0x05, 0x09, 0x09, 0x0c, 0x0e, 
	0x0f, 0x13, 0x0d, 0x1a, 0x0f, 0x13, 0x09, 0x09, 
	0x09, 0x09, 0x09, 0x09, 0x09, 0x09, 0x09, 0x09, 
	0x09, 0x09, 0x09, 0x09, 0x07, 0x02, 0x02, 0x11, 
	0x00, 0x01, 0x02, 0x08, 0x09, 0x09, 0x0c, 0x0e, 
	0x0f, 0x13, 0x1b, 0x1a, 0x01, 0x05, 0x0a, 0x09, 
	0x09, 0x09, 0x09, 0x09, 0x09, 0x09, 0x09, 0x09, 
	0x09, 0x09, 0x09, 0x09, 0x08, 0x02, 0x02, 0x11, 
	0x01, 0x01, 0x03, 0x09, 0x09, 0x09, 0x0c, 0x0e, 
	0x0f, 0x13, 0x13, 0x03, 0x01, 0x1a, 0x04, 0x08, 
	0x0c, 0x0c, 0x09, 0x09, 0x09, 0x09, 0x09, 0x09, 
	0x09, 0x09, 0x09, 0x09, 0x09, 0x03, 0x02, 0x02, 
	0x01, 0x01, 0x14, 0x09, 0x09, 0x09, 0x0c, 0x0e, 
	0x0f, 0x13, 0x08, 0x03, 0x01, 0x1a, 0x01, 0x0f, 
	0x0e, 0x0e, 0x13, 0x09, 0x09, 0x09, 0x09, 0x09, 
	0x09, 0x09, 0x09, 0x09, 0x09, 0x04, 0x02, 0x02, 
	0x01, 0x01, 0x0e, 0x09, 0x09, 0x09, 0x0c, 0x0e, 
	0x0f, 0x13, 0x10, 0x04, 0x01, 0x01, 0x01, 0x01, 
	0x1a, 0x1a, 0x0f, 0x0a, 0x09, 0x09, 0x09, 0x09, 
	0x09, 0x09, 0x09, 0x09, 0x09, 0x05, 0x02, 0x02, 
	0x01, 0x01, 0x06, 0x09, 0x09, 0x09, 0x0c, 0x0e, 
	0x0f, 0x13, 0x16, 0x18, 0x01, 0x01, 0x01, 0x01, 
	0x1a, 0x1a, 0x1a, 0x1c, 0x16, 0x09, 0x09, 0x09, 
	0x09, 0x09, 0x09, 0x09, 0x09, 0x18, 0x02, 0x02, 
	0x01, 0x01, 0x06, 0x09, 0x09, 0x09, 0x0c, 0x0e, 
	0x0f, 0x13, 0x09, 0x15, 0x1a, 0x1a, 0x01, 0x01, 
	0x03, 0x03, 0x07, 0x10, 0x09, 0x09, 0x09, 0x09, 
	0x09, 0x09, 0x09, 0x09, 0x09, 0x18, 0x02, 0x02, 
	0x01, 0x01, 0x0e, 0x09, 0x09, 0x09, 0x0c, 0x0e, 
	0x0f, 0x13, 0x09, 0x1d, 0x04, 0x1a, 0x01, 0x01, 
	0x03, 0x05, 0x1d, 0x16, 0x09, 0x09, 0x09, 0x09, 
	0x09, 0x09, 0x09, 0x09, 0x09, 0x05, 0x02, 0x02, 
	0x01, 0x01, 0x14, 0x09, 0x09, 0x09, 0x0c, 0x0e, 
	0x0f, 0x13, 0x09, 0x0c, 0x0e, 0x1a, 0x01, 0x03, 
	0x1e, 0x10, 0x16, 0x09, 0x09, 0x09, 0x09, 0x09, 
	0x09, 0x09, 0x09, 0x09, 0x09, 0x04, 0x02, 0x02, 
	0x01, 0x01, 0x03, 0x09, 0x09, 0x09, 0x0c, 0x0e, 
	0x0f, 0x13, 0x09, 0x1f, 0x10, 0x1c, 0x17, 0x13, 
	0x16, 0x16, 0x10, 0x10, 0x09, 0x09, 0x09, 0x09, 
	0x09, 0x09, 0x09, 0x09, 0x09, 0x03, 0x02, 0x02, 
	0x00, 0x01, 0x02, 0x08, 0x09, 0x09, 0x0c, 0x0e, 
	0x0f, 0x13, 0x0c, 0x1c, 0x08, 0x16, 0x09, 0x09, 
	0x09, 0x10, 0x0e, 0x05, 0x1c, 0x10, 0x16, 0x09, 
	0x09, 0x09, 0x09, 0x09, 0x08, 0x02, 0x02, 0x11, 
	0x00, 0x01, 0x01, 0x05, 0x09, 0x09, 0x0c, 0x0e, 
	0x0f, 0x13, 0x08, 0x0f, 0x0f, 0x08, 0x09, 0x09, 
	0x09, 0x10, 0x0e, 0x03, 0x03, 0x14, 0x08, 0x16, 
	0x09, 0x09, 0x09, 0x09, 0x07, 0x02, 0x02, 0x11, 
	0x00, 0x02, 0x02, 0x01, 0x0a, 0x09, 0x0c, 0x18, 
	0x0f, 0x13, 0x19, 0x18, 0x0f, 0x0d, 0x1f, 0x09, 
	0x09, 0x16, 0x10, 0x20, 0x05, 0x03, 0x04, 0x13, 
	0x09, 0x09, 0x09, 0x0a, 0x01, 0x02, 0x02, 0x00, 
	0x00, 0x11, 0x02, 0x02, 0x04, 0x09, 0x0c, 0x17, 
	0x14, 0x13, 0x09, 0x0c, 0x08, 0x0c, 0x09, 0x09, 
	0x09, 0x09, 0x09, 0x16, 0x10, 0x0e, 0x03, 0x0e, 
	0x0c, 0x09, 0x09, 0x04, 0x02, 0x02, 0x11, 0x00, 
	0x00, 0x00, 0x02, 0x02, 0x02, 0x0b, 0x09, 0x0c, 
	0x12, 0x09, 0x09, 0x09, 0x09, 0x09, 0x09, 0x09, 
	0x09, 0x09, 0x09, 0x09, 0x09, 0x13, 0x14, 0x07, 
	0x0a, 0x09, 0x1e, 0x02, 0x02, 0x02, 0x00, 0x00, 
	0x00, 0x00, 0x11, 0x02, 0x02, 0x01, 0x0d, 0x09, 
	0x09, 0x09, 0x09, 0x09, 0x09, 0x09, 0x09, 0x09, 
	0x09, 0x09, 0x09, 0x09, 0x09, 0x09, 0x0a, 0x13, 
	0x16, 0x0d, 0x01, 0x02, 0x02, 0x11, 0x00, 0x00, 
	0x00, 0x00, 0x00, 0x11, 0x02, 0x02, 0x01, 0x0b, 
	0x09, 0x09, 0x09, 0x16, 0x09, 0x09, 0x09, 0x09, 
	0x09, 0x09, 0x09, 0x09, 0x09, 0x09, 0x09, 0x09, 
	0x1e, 0x01, 0x02, 0x02, 0x11, 0x00, 0x00, 0x00, 
	0x00, 0x00, 0x00, 0x00, 0x11, 0x02, 0x02, 0x02, 
	0x04, 0x0a, 0x09, 0x09, 0x09, 0x09, 0x09, 0x09, 
	0x09, 0x09, 0x09, 0x09, 0x09, 0x09, 0x0a, 0x04, 
	0x02, 0x02, 0x02, 0x11, 0x00, 0x00, 0x00, 0x00, 
	0x00, 0x00, 0x00, 0x00, 0x00, 0x11, 0x02, 0x02, 
	0x02, 0x01, 0x07, 0x08, 0x09, 0x09, 0x09, 0x09, 
	0x09, 0x09, 0x09, 0x09, 0x08, 0x07, 0x01, 0x02, 
	0x02, 0x02, 0x11, 0x00, 0x00, 0x00, 0x00, 0x00, 
	0x00, 0x00, 0x00, 0x00, 0x00, 0x00, 0x11, 0x02, 
	0x02, 0x02, 0x02, 0x02, 0x03, 0x04, 0x05, 0x18, 
	0x18, 0x05, 0x04, 0x03, 0x02, 0x02, 0x02, 0x02, 
	0x02, 0x11, 0x00, 0x00, 0x00, 0x00, 0x00, 0x00, 
	0x00, 0x00, 0x00, 0x00, 0x00, 0x00, 0x00, 0x00, 
	0x11, 0x02, 0x02, 0x02, 0x02, 0x02, 0x02, 0x02, 
	0x02, 0x02, 0x02, 0x02, 0x02, 0x02, 0x02, 0x11, 
	0x00, 0x00, 0x00, 0x00, 0x00, 0x00, 0x00, 0x00, 
	0x00, 0x00, 0x00, 0x00, 0x00, 0x00, 0x00, 0x00, 
	0x00, 0x00, 0x11, 0x11, 0x02, 0x02, 0x02, 0x02, 
	0x02, 0x02, 0x02, 0x02, 0x11, 0x11, 0x00, 0x00, 
	0x00, 0x00, 0x00, 0x00, 0x00, 0x00, 0x00, 0x00, 
	
};

Gfx b16_b16_ci8_pal_rgba16_aligner[] = {gsSPEndDisplayList()};
u8 b16_b16_ci8_pal_rgba16[] = {
	0x45, 0x46, 0x45, 0x47, 0x4d, 0x47, 0x44, 0xc7, 
	0x3c, 0x47, 0x33, 0xc7, 0x33, 0x45, 0x34, 0x07, 
	0x22, 0x05, 0x10, 0x85, 0x19, 0x85, 0x2b, 0x45, 
	0x19, 0x05, 0x2a, 0xc5, 0x33, 0x87, 0x3c, 0x87, 
	0x19, 0x45, 0x4d, 0x46, 0x19, 0xc5, 0x21, 0xc5, 
	0x3c, 0x07, 0x22, 0x45, 0x10, 0xc5, 0x2b, 0x07, 
	0x33, 0x47, 0x11, 0x05, 0x45, 0x07, 0x2a, 0x85, 
	0x2a, 0xc7, 0x21, 0x85, 0x2b, 0x47, 0x18, 0xc5, 
	0x2a, 0x47, 
};

Gfx mat_b16_f3d_material[] = {
	gsDPPipeSync(),
	gsDPSetCombineLERP(0, 0, 0, TEXEL0, 0, 0, 0, TEXEL0, 0, 0, 0, TEXEL0, 0, 0, 0, TEXEL0),
	gsSPClearGeometryMode(G_CULL_BACK),
	gsSPSetGeometryMode(G_LIGHTING),
	gsSPTexture(65535, 65535, 0, 0, 1),
	gsDPSetTextureLUT(G_TT_RGBA16),
	gsDPSetTextureImage(G_IM_FMT_RGBA, G_IM_SIZ_16b, 1, b16_b16_ci8_pal_rgba16),
	gsDPTileSync(),
	gsDPSetTile(0, 0, 0, 256, 7, 0, G_TX_WRAP | G_TX_NOMIRROR, 0, 0, G_TX_WRAP | G_TX_NOMIRROR, 0, 0),
	gsDPLoadSync(),
	gsDPLoadTLUTCmd(7, 32),
	gsDPPipeSync(),
	gsDPTileSync(),
	gsDPSetTextureImage(G_IM_FMT_CI, G_IM_SIZ_8b_LOAD_BLOCK, 1, b16_b16_ci8),
	gsDPSetTile(G_IM_FMT_CI, G_IM_SIZ_8b_LOAD_BLOCK, 0, 0, 7, 0, G_TX_CLAMP | G_TX_NOMIRROR, 5, 0, G_TX_CLAMP | G_TX_NOMIRROR, 5, 0),
	gsDPLoadSync(),
	gsDPLoadBlock(7, 0, 0, 511, 512),
	gsDPPipeSync(),
	gsDPSetTile(G_IM_FMT_CI, G_IM_SIZ_8b, 4, 0, 0, 0, G_TX_CLAMP | G_TX_NOMIRROR, 5, 0, G_TX_CLAMP | G_TX_NOMIRROR, 5, 0),
	gsDPSetTileSize(0, 0, 0, 124, 124),
    gsSPLightColor(LIGHT_1, 0xfefefeff),
    gsSPLightColor(LIGHT_2, 0x7f7f7fff),
	gsSPEndDisplayList(),
};

Gfx b16_Plane_001_mesh[] = {
	gsSPDisplayList(mat_b16_f3d_material),
	gsSPDisplayList(badge_textures_mesh_tri_0),
	gsSPDisplayList(badge_textures_mat_revert),
	gsDPPipeSync(),
	gsSPSetGeometryMode(G_LIGHTING),
	gsSPClearGeometryMode(G_TEXTURE_GEN),
	gsDPSetCombineLERP(0, 0, 0, SHADE, 0, 0, 0, ENVIRONMENT, 0, 0, 0, SHADE, 0, 0, 0, ENVIRONMENT),
	gsSPTexture(65535, 65535, 0, 0, 0),
	gsSPEndDisplayList(),
};

// ---- b17 ----
Gfx b17_b17_ci8_aligner[] = {gsSPEndDisplayList()};
u8 b17_b17_ci8[] = {
	0x00, 0x00, 0x00, 0x00, 0x00, 0x00, 0x00, 0x00, 
	0x00, 0x00, 0x00, 0x00, 0x01, 0x01, 0x01, 0x01, 
	0x01, 0x01, 0x01, 0x01, 0x00, 0x00, 0x00, 0x00, 
	0x00, 0x00, 0x00, 0x00, 0x00, 0x00, 0x00, 0x00, 
	0x00, 0x00, 0x00, 0x00, 0x00, 0x00, 0x00, 0x00, 
	0x00, 0x01, 0x01, 0x01, 0x01, 0x01, 0x01, 0x01, 
	0x01, 0x01, 0x01, 0x01, 0x01, 0x01, 0x01, 0x00, 
	0x00, 0x00, 0x00, 0x00, 0x00, 0x00, 0x00, 0x00, 
	0x00, 0x00, 0x00, 0x00, 0x00, 0x00, 0x00, 0x01, 
	0x01, 0x01, 0x01, 0x01, 0x02, 0x03, 0x04, 0x05, 
	0x05, 0x04, 0x03, 0x02, 0x01, 0x01, 0x01, 0x01, 
	0x01, 0x00, 0x00, 0x00, 0x00, 0x00, 0x00, 0x00, 
	0x00, 0x00, 0x00, 0x00, 0x00, 0x00, 0x01, 0x01, 
	0x01, 0x06, 0x07, 0x08, 0x09, 0x09, 0x09, 0x09, 
	0x09, 0x09, 0x09, 0x09, 0x08, 0x07, 0x0a, 0x01, 
	0x01, 0x01, 0x00, 0x00, 0x00, 0x00, 0x00, 0x00, 
	0x00, 0x00, 0x00, 0x00, 0x00, 0x01, 0x01, 0x01, 
	0x03, 0x0b, 0x09, 0x09, 0x09, 0x09, 0x09, 0x09, 
	0x09, 0x09, 0x09, 0x09, 0x09, 0x09, 0x0c, 0x03, 
	0x01, 0x01, 0x01, 0x00, 0x00, 0x00, 0x00, 0x00, 
	0x00, 0x00, 0x00, 0x00, 0x01, 0x01, 0x0a, 0x0d, 
	0x09, 0x09, 0x09, 0x09, 0x09, 0x09, 0x09, 0x09, 
	0x09, 0x09, 0x09, 0x09, 0x09, 0x09, 0x09, 0x09, 
	0x0d, 0x0a, 0x01, 0x01, 0x00, 0x00, 0x00, 0x00, 
	0x00, 0x00, 0x00, 0x01, 0x01, 0x0a, 0x0e, 0x09, 
	0x09, 0x09, 0x09, 0x09, 0x09, 0x09, 0x09, 0x09, 
	0x09, 0x09, 0x09, 0x09, 0x09, 0x09, 0x09, 0x09, 
	0x09, 0x0f, 0x0a, 0x01, 0x10, 0x11, 0x00, 0x00, 
	0x00, 0x00, 0x01, 0x01, 0x01, 0x0d, 0x09, 0x09, 
	0x09, 0x09, 0x09, 0x09, 0x09, 0x09, 0x09, 0x09, 
	0x09, 0x09, 0x09, 0x09, 0x09, 0x09, 0x09, 0x09, 
	0x09, 0x09, 0x0d, 0x01, 0x10, 0x10, 0x00, 0x00, 
	0x00, 0x00, 0x01, 0x01, 0x03, 0x09, 0x09, 0x09, 
	0x09, 0x09, 0x09, 0x09, 0x09, 0x09, 0x09, 0x09, 
	0x09, 0x09, 0x09, 0x09, 0x09, 0x09, 0x09, 0x09, 
	0x09, 0x09, 0x09, 0x03, 0x10, 0x10, 0x11, 0x00, 
	0x00, 0x01, 0x01, 0x06, 0x0b, 0x09, 0x09, 0x09, 
	0x09, 0x09, 0x09, 0x09, 0x09, 0x09, 0x09, 0x09, 
	0x09, 0x09, 0x09, 0x09, 0x09, 0x09, 0x09, 0x09, 
	0x12, 0x13, 0x14, 0x0c, 0x0a, 0x10, 0x10, 0x00, 
	0x00, 0x01, 0x01, 0x15, 0x09, 0x09, 0x09, 0x09, 
	0x09, 0x09, 0x09, 0x09, 0x09, 0x09, 0x09, 0x09, 
	0x09, 0x09, 0x09, 0x09, 0x09, 0x09, 0x09, 0x16, 
	0x17, 0x18, 0x19, 0x14, 0x07, 0x10, 0x10, 0x11, 
	0x00, 0x01, 0x01, 0x16, 0x09, 0x09, 0x09, 0x09, 
	0x09, 0x09, 0x09, 0x09, 0x09, 0x09, 0x09, 0x09, 
	0x09, 0x14, 0x12, 0x09, 0x09, 0x09, 0x1a, 0x06, 
	0x01, 0x01, 0x03, 0x1b, 0x08, 0x01, 0x10, 0x11, 
	0x01, 0x01, 0x1c, 0x09, 0x09, 0x09, 0x09, 0x09, 
	0x09, 0x09, 0x09, 0x09, 0x09, 0x09, 0x09, 0x1d, 
	0x1e, 0x17, 0x1e, 0x12, 0x09, 0x09, 0x1a, 0x1f, 
	0x20, 0x21, 0x0b, 0x09, 0x09, 0x02, 0x10, 0x10, 
	0x01, 0x01, 0x18, 0x09, 0x09, 0x09, 0x09, 0x09, 
	0x09, 0x09, 0x09, 0x09, 0x09, 0x09, 0x0b, 0x22, 
	0x01, 0x01, 0x1f, 0x23, 0x09, 0x09, 0x09, 0x13, 
	0x12, 0x09, 0x09, 0x09, 0x09, 0x03, 0x10, 0x10, 
	0x01, 0x01, 0x22, 0x09, 0x09, 0x09, 0x09, 0x09, 
	0x09, 0x09, 0x09, 0x09, 0x09, 0x23, 0x20, 0x01, 
	0x01, 0x1f, 0x0b, 0x09, 0x09, 0x09, 0x09, 0x0b, 
	0x08, 0x09, 0x09, 0x09, 0x09, 0x24, 0x10, 0x10, 
	0x01, 0x01, 0x0d, 0x09, 0x09, 0x09, 0x09, 0x09, 
	0x09, 0x09, 0x09, 0x09, 0x09, 0x12, 0x0f, 0x18, 
	0x25, 0x09, 0x09, 0x09, 0x09, 0x09, 0x26, 0x01, 
	0x01, 0x20, 0x1b, 0x09, 0x09, 0x05, 0x10, 0x10, 
	0x01, 0x01, 0x0d, 0x09, 0x12, 0x27, 0x12, 0x09, 
	0x09, 0x09, 0x12, 0x13, 0x1d, 0x09, 0x1d, 0x1d, 
	0x09, 0x23, 0x0b, 0x23, 0x09, 0x13, 0x1c, 0x01, 
	0x01, 0x01, 0x1f, 0x14, 0x09, 0x05, 0x10, 0x10, 
	0x01, 0x01, 0x22, 0x09, 0x25, 0x01, 0x05, 0x23, 
	0x12, 0x23, 0x24, 0x20, 0x18, 0x0d, 0x14, 0x09, 
	0x26, 0x20, 0x28, 0x24, 0x23, 0x09, 0x21, 0x0a, 
	0x01, 0x01, 0x17, 0x09, 0x09, 0x24, 0x10, 0x10, 
	0x01, 0x01, 0x18, 0x09, 0x0f, 0x01, 0x01, 0x03, 
	0x1f, 0x02, 0x0a, 0x0a, 0x01, 0x01, 0x17, 0x13, 
	0x29, 0x0a, 0x06, 0x05, 0x1d, 0x09, 0x17, 0x01, 
	0x01, 0x01, 0x1e, 0x09, 0x09, 0x03, 0x10, 0x10, 
	0x01, 0x01, 0x1c, 0x09, 0x12, 0x05, 0x01, 0x01, 
	0x01, 0x01, 0x01, 0x0a, 0x01, 0x01, 0x2a, 0x14, 
	0x14, 0x27, 0x2b, 0x12, 0x09, 0x0b, 0x0a, 0x01, 
	0x01, 0x18, 0x12, 0x09, 0x09, 0x02, 0x10, 0x10, 
	0x00, 0x01, 0x01, 0x27, 0x09, 0x12, 0x21, 0x1f, 
	0x01, 0x01, 0x01, 0x0a, 0x01, 0x01, 0x17, 0x09, 
	0x09, 0x09, 0x09, 0x0b, 0x26, 0x1f, 0x01, 0x01, 
	0x06, 0x27, 0x09, 0x09, 0x08, 0x01, 0x10, 0x11, 
	0x00, 0x01, 0x01, 0x17, 0x09, 0x09, 0x09, 0x23, 
	0x1e, 0x2c, 0x2d, 0x06, 0x01, 0x01, 0x08, 0x09, 
	0x09, 0x09, 0x0b, 0x0a, 0x01, 0x01, 0x01, 0x01, 
	0x1e, 0x09, 0x09, 0x09, 0x07, 0x10, 0x10, 0x11, 
	0x00, 0x10, 0x10, 0x06, 0x0b, 0x09, 0x09, 0x09, 
	0x09, 0x09, 0x0b, 0x26, 0x08, 0x1a, 0x09, 0x14, 
	0x14, 0x09, 0x13, 0x03, 0x1f, 0x0f, 0x25, 0x0b, 
	0x09, 0x09, 0x09, 0x1a, 0x0a, 0x10, 0x10, 0x00, 
	0x00, 0x11, 0x10, 0x10, 0x03, 0x09, 0x09, 0x09, 
	0x09, 0x09, 0x09, 0x09, 0x09, 0x09, 0x23, 0x2e, 
	0x1f, 0x0b, 0x09, 0x23, 0x14, 0x09, 0x09, 0x09, 
	0x09, 0x09, 0x09, 0x03, 0x10, 0x10, 0x11, 0x00, 
	0x00, 0x00, 0x10, 0x10, 0x01, 0x0d, 0x09, 0x09, 
	0x09, 0x09, 0x09, 0x09, 0x09, 0x09, 0x0c, 0x0a, 
	0x01, 0x0a, 0x08, 0x09, 0x09, 0x09, 0x09, 0x09, 
	0x09, 0x09, 0x0d, 0x10, 0x10, 0x10, 0x00, 0x00, 
	0x00, 0x00, 0x11, 0x10, 0x10, 0x01, 0x0f, 0x09, 
	0x09, 0x09, 0x09, 0x09, 0x09, 0x09, 0x09, 0x1e, 
	0x06, 0x01, 0x0a, 0x1a, 0x09, 0x09, 0x09, 0x09, 
	0x09, 0x0f, 0x01, 0x10, 0x10, 0x11, 0x00, 0x00, 
	0x00, 0x00, 0x00, 0x11, 0x10, 0x10, 0x01, 0x0d, 
	0x09, 0x09, 0x09, 0x09, 0x09, 0x09, 0x09, 0x09, 
	0x0b, 0x07, 0x20, 0x1a, 0x09, 0x09, 0x09, 0x09, 
	0x0d, 0x01, 0x10, 0x10, 0x11, 0x00, 0x00, 0x00, 
	0x00, 0x00, 0x00, 0x00, 0x11, 0x10, 0x10, 0x10, 
	0x03, 0x0b, 0x09, 0x09, 0x09, 0x09, 0x09, 0x09, 
	0x09, 0x12, 0x1a, 0x09, 0x09, 0x09, 0x1a, 0x03, 
	0x10, 0x10, 0x10, 0x11, 0x00, 0x00, 0x00, 0x00, 
	0x00, 0x00, 0x00, 0x00, 0x00, 0x11, 0x10, 0x10, 
	0x10, 0x0a, 0x07, 0x08, 0x09, 0x09, 0x09, 0x09, 
	0x09, 0x09, 0x09, 0x09, 0x08, 0x07, 0x0a, 0x10, 
	0x10, 0x10, 0x11, 0x00, 0x00, 0x00, 0x00, 0x00, 
	0x00, 0x00, 0x00, 0x00, 0x00, 0x00, 0x11, 0x10, 
	0x10, 0x10, 0x10, 0x01, 0x02, 0x03, 0x24, 0x05, 
	0x05, 0x24, 0x03, 0x02, 0x01, 0x10, 0x10, 0x10, 
	0x10, 0x11, 0x00, 0x00, 0x00, 0x00, 0x00, 0x00, 
	0x00, 0x00, 0x00, 0x00, 0x00, 0x00, 0x00, 0x00, 
	0x11, 0x10, 0x10, 0x10, 0x10, 0x10, 0x10, 0x10, 
	0x10, 0x10, 0x10, 0x10, 0x10, 0x10, 0x10, 0x11, 
	0x00, 0x00, 0x00, 0x00, 0x00, 0x00, 0x00, 0x00, 
	0x00, 0x00, 0x00, 0x00, 0x00, 0x00, 0x00, 0x00, 
	0x00, 0x00, 0x11, 0x11, 0x10, 0x10, 0x10, 0x10, 
	0x10, 0x10, 0x10, 0x10, 0x11, 0x11, 0x00, 0x00, 
	0x00, 0x00, 0x00, 0x00, 0x00, 0x00, 0x00, 0x00, 
	
};

Gfx b17_b17_ci8_pal_rgba16_aligner[] = {gsSPEndDisplayList()};
u8 b17_b17_ci8_pal_rgba16[] = {
	0x27, 0x28, 0x27, 0x29, 0x26, 0xa5, 0x25, 0xa1, 
	0x1c, 0xdd, 0x1c, 0x9b, 0x26, 0xe7, 0x25, 0x5f, 
	0x1a, 0xd1, 0x18, 0xc7, 0x27, 0x27, 0x1a, 0x0d, 
	0x1a, 0x4d, 0x1c, 0x59, 0x1b, 0xd5, 0x1b, 0xd7, 
	0x27, 0x69, 0x27, 0x68, 0x19, 0x09, 0x19, 0xcb, 
	0x19, 0x49, 0x25, 0x5d, 0x1a, 0x91, 0x25, 0x1d, 
	0x25, 0x9f, 0x1c, 0x19, 0x1a, 0x4f, 0x19, 0xcd, 
	0x26, 0x65, 0x19, 0x07, 0x1b, 0x13, 0x25, 0xe1, 
	0x26, 0x23, 0x1b, 0x95, 0x1c, 0xdb, 0x19, 0x8b, 
	0x24, 0xdd, 0x1b, 0x53, 0x1b, 0x55, 0x1a, 0x8f, 
	0x26, 0xe5, 0x1c, 0x99, 0x26, 0x21, 0x1a, 0x0f, 
	0x24, 0x9b, 0x26, 0x63, 0x24, 0xdb, 
};

Gfx mat_b17_f3d_material[] = {
	gsDPPipeSync(),
	gsDPSetCombineLERP(0, 0, 0, TEXEL0, 0, 0, 0, TEXEL0, 0, 0, 0, TEXEL0, 0, 0, 0, TEXEL0),
	gsSPClearGeometryMode(G_CULL_BACK),
	gsSPSetGeometryMode(G_LIGHTING),
	gsSPTexture(65535, 65535, 0, 0, 1),
	gsDPSetTextureLUT(G_TT_RGBA16),
	gsDPSetTextureImage(G_IM_FMT_RGBA, G_IM_SIZ_16b, 1, b17_b17_ci8_pal_rgba16),
	gsDPTileSync(),
	gsDPSetTile(0, 0, 0, 256, 7, 0, G_TX_WRAP | G_TX_NOMIRROR, 0, 0, G_TX_WRAP | G_TX_NOMIRROR, 0, 0),
	gsDPLoadSync(),
	gsDPLoadTLUTCmd(7, 46),
	gsDPPipeSync(),
	gsDPTileSync(),
	gsDPSetTextureImage(G_IM_FMT_CI, G_IM_SIZ_8b_LOAD_BLOCK, 1, b17_b17_ci8),
	gsDPSetTile(G_IM_FMT_CI, G_IM_SIZ_8b_LOAD_BLOCK, 0, 0, 7, 0, G_TX_CLAMP | G_TX_NOMIRROR, 5, 0, G_TX_CLAMP | G_TX_NOMIRROR, 5, 0),
	gsDPLoadSync(),
	gsDPLoadBlock(7, 0, 0, 511, 512),
	gsDPPipeSync(),
	gsDPSetTile(G_IM_FMT_CI, G_IM_SIZ_8b, 4, 0, 0, 0, G_TX_CLAMP | G_TX_NOMIRROR, 5, 0, G_TX_CLAMP | G_TX_NOMIRROR, 5, 0),
	gsDPSetTileSize(0, 0, 0, 124, 124),
    gsSPLightColor(LIGHT_1, 0xfefefeff),
    gsSPLightColor(LIGHT_2, 0x7f7f7fff),
	gsSPEndDisplayList(),
};

Gfx b17_Plane_001_mesh[] = {
	gsSPDisplayList(mat_b17_f3d_material),
	gsSPDisplayList(badge_textures_mesh_tri_0),
	gsSPDisplayList(badge_textures_mat_revert),
	gsDPPipeSync(),
	gsSPSetGeometryMode(G_LIGHTING),
	gsSPClearGeometryMode(G_TEXTURE_GEN),
	gsDPSetCombineLERP(0, 0, 0, SHADE, 0, 0, 0, ENVIRONMENT, 0, 0, 0, SHADE, 0, 0, 0, ENVIRONMENT),
	gsSPTexture(65535, 65535, 0, 0, 0),
	gsSPEndDisplayList(),
};

// ---- b18 ----
Gfx b18_b18_ci8_aligner[] = {gsSPEndDisplayList()};
u8 b18_b18_ci8[] = {
	0x00, 0x00, 0x00, 0x00, 0x00, 0x00, 0x00, 0x00, 
	0x00, 0x00, 0x00, 0x00, 0x01, 0x01, 0x01, 0x01, 
	0x01, 0x01, 0x01, 0x01, 0x00, 0x00, 0x00, 0x00, 
	0x00, 0x00, 0x00, 0x00, 0x00, 0x00, 0x00, 0x00, 
	0x00, 0x00, 0x00, 0x00, 0x00, 0x00, 0x00, 0x00, 
	0x00, 0x01, 0x01, 0x01, 0x01, 0x01, 0x01, 0x01, 
	0x01, 0x01, 0x01, 0x01, 0x01, 0x01, 0x01, 0x00, 
	0x00, 0x00, 0x00, 0x00, 0x00, 0x00, 0x00, 0x00, 
	0x00, 0x00, 0x00, 0x00, 0x00, 0x00, 0x00, 0x01, 
	0x01, 0x01, 0x01, 0x01, 0x02, 0x03, 0x04, 0x05, 
	0x05, 0x04, 0x03, 0x02, 0x01, 0x01, 0x01, 0x01, 
	0x01, 0x00, 0x00, 0x00, 0x00, 0x00, 0x00, 0x00, 
	0x00, 0x00, 0x00, 0x00, 0x00, 0x00, 0x01, 0x01, 
	0x01, 0x06, 0x07, 0x08, 0x09, 0x09, 0x09, 0x09, 
	0x09, 0x09, 0x09, 0x09, 0x08, 0x07, 0x06, 0x01, 
	0x01, 0x01, 0x00, 0x00, 0x00, 0x00, 0x00, 0x00, 
	0x00, 0x00, 0x00, 0x00, 0x00, 0x01, 0x01, 0x0a, 
	0x03, 0x0b, 0x09, 0x09, 0x09, 0x09, 0x09, 0x09, 
	0x09, 0x09, 0x09, 0x09, 0x09, 0x09, 0x0c, 0x03, 
	0x0a, 0x01, 0x01, 0x00, 0x00, 0x00, 0x00, 0x00, 
	0x00, 0x00, 0x00, 0x00, 0x01, 0x01, 0x06, 0x0d, 
	0x09, 0x09, 0x09, 0x09, 0x09, 0x09, 0x09, 0x09, 
	0x09, 0x09, 0x09, 0x09, 0x09, 0x09, 0x09, 0x09, 
	0x0e, 0x06, 0x01, 0x01, 0x00, 0x00, 0x00, 0x00, 
	0x00, 0x00, 0x00, 0x01, 0x01, 0x06, 0x0f, 0x09, 
	0x09, 0x09, 0x09, 0x09, 0x10, 0x11, 0x04, 0x04, 
	0x04, 0x04, 0x05, 0x12, 0x09, 0x09, 0x09, 0x09, 
	0x09, 0x13, 0x06, 0x01, 0x01, 0x00, 0x00, 0x00, 
	0x00, 0x00, 0x01, 0x01, 0x0a, 0x0d, 0x09, 0x09, 
	0x09, 0x09, 0x14, 0x15, 0x16, 0x17, 0x02, 0x0a, 
	0x18, 0x07, 0x03, 0x19, 0x03, 0x1a, 0x09, 0x09, 
	0x09, 0x09, 0x0e, 0x0a, 0x01, 0x01, 0x00, 0x00, 
	0x00, 0x00, 0x01, 0x01, 0x03, 0x09, 0x09, 0x09, 
	0x09, 0x14, 0x19, 0x04, 0x1b, 0x04, 0x02, 0x10, 
	0x13, 0x1c, 0x11, 0x12, 0x17, 0x1d, 0x1e, 0x09, 
	0x09, 0x09, 0x09, 0x03, 0x01, 0x01, 0x00, 0x00, 
	0x00, 0x01, 0x01, 0x06, 0x0b, 0x09, 0x09, 0x09, 
	0x09, 0x18, 0x04, 0x09, 0x0f, 0x16, 0x12, 0x1f, 
	0x11, 0x20, 0x13, 0x03, 0x11, 0x03, 0x03, 0x09, 
	0x09, 0x09, 0x09, 0x0c, 0x06, 0x01, 0x01, 0x00, 
	0x00, 0x01, 0x01, 0x07, 0x09, 0x09, 0x09, 0x09, 
	0x21, 0x16, 0x1b, 0x09, 0x02, 0x0f, 0x22, 0x10, 
	0x09, 0x09, 0x09, 0x09, 0x04, 0x05, 0x19, 0x21, 
	0x09, 0x09, 0x09, 0x09, 0x07, 0x01, 0x01, 0x00, 
	0x00, 0x01, 0x01, 0x12, 0x09, 0x09, 0x09, 0x09, 
	0x03, 0x11, 0x09, 0x23, 0x1d, 0x05, 0x0e, 0x09, 
	0x09, 0x09, 0x09, 0x09, 0x09, 0x18, 0x04, 0x18, 
	0x09, 0x09, 0x09, 0x09, 0x08, 0x01, 0x01, 0x00, 
	0x01, 0x01, 0x02, 0x09, 0x09, 0x09, 0x09, 0x1b, 
	0x19, 0x0c, 0x09, 0x24, 0x05, 0x18, 0x09, 0x09, 
	0x09, 0x09, 0x09, 0x09, 0x09, 0x13, 0x04, 0x19, 
	0x1b, 0x09, 0x09, 0x09, 0x09, 0x02, 0x01, 0x01, 
	0x01, 0x01, 0x03, 0x09, 0x09, 0x09, 0x09, 0x20, 
	0x1d, 0x09, 0x09, 0x16, 0x25, 0x07, 0x09, 0x09, 
	0x09, 0x26, 0x1d, 0x09, 0x09, 0x09, 0x03, 0x1d, 
	0x21, 0x09, 0x09, 0x09, 0x09, 0x03, 0x01, 0x01, 
	0x01, 0x01, 0x1c, 0x09, 0x09, 0x09, 0x09, 0x0d, 
	0x24, 0x09, 0x1b, 0x06, 0x23, 0x0e, 0x09, 0x09, 
	0x09, 0x26, 0x1d, 0x09, 0x09, 0x09, 0x03, 0x03, 
	0x0d, 0x09, 0x09, 0x09, 0x09, 0x04, 0x01, 0x01, 
	0x01, 0x01, 0x05, 0x09, 0x09, 0x09, 0x09, 0x11, 
	0x17, 0x09, 0x0b, 0x19, 0x05, 0x13, 0x09, 0x26, 
	0x1d, 0x1d, 0x1d, 0x1d, 0x1d, 0x09, 0x03, 0x07, 
	0x27, 0x09, 0x09, 0x09, 0x09, 0x05, 0x01, 0x01, 
	0x01, 0x01, 0x05, 0x09, 0x09, 0x09, 0x09, 0x11, 
	0x17, 0x09, 0x0b, 0x19, 0x05, 0x0f, 0x09, 0x26, 
	0x1d, 0x1d, 0x1d, 0x1d, 0x1d, 0x09, 0x03, 0x17, 
	0x27, 0x09, 0x09, 0x09, 0x09, 0x05, 0x01, 0x01, 
	0x01, 0x01, 0x1c, 0x09, 0x09, 0x09, 0x09, 0x0e, 
	0x18, 0x09, 0x1b, 0x06, 0x13, 0x05, 0x09, 0x09, 
	0x09, 0x26, 0x1d, 0x09, 0x09, 0x09, 0x03, 0x03, 
	0x0d, 0x09, 0x09, 0x09, 0x09, 0x04, 0x01, 0x01, 
	0x01, 0x01, 0x03, 0x09, 0x09, 0x09, 0x09, 0x10, 
	0x16, 0x09, 0x09, 0x16, 0x10, 0x03, 0x09, 0x09, 
	0x09, 0x26, 0x1d, 0x09, 0x09, 0x0c, 0x17, 0x1d, 
	0x21, 0x09, 0x09, 0x09, 0x09, 0x03, 0x01, 0x01, 
	0x01, 0x01, 0x28, 0x09, 0x09, 0x09, 0x09, 0x09, 
	0x19, 0x14, 0x09, 0x03, 0x05, 0x03, 0x0c, 0x09, 
	0x09, 0x09, 0x09, 0x09, 0x09, 0x11, 0x23, 0x19, 
	0x1b, 0x09, 0x09, 0x09, 0x09, 0x02, 0x01, 0x01, 
	0x00, 0x01, 0x0a, 0x12, 0x09, 0x09, 0x09, 0x09, 
	0x17, 0x1c, 0x09, 0x29, 0x1d, 0x20, 0x17, 0x09, 
	0x09, 0x09, 0x09, 0x09, 0x0b, 0x18, 0x11, 0x2a, 
	0x09, 0x09, 0x09, 0x09, 0x12, 0x01, 0x01, 0x00, 
	0x00, 0x01, 0x01, 0x07, 0x09, 0x09, 0x09, 0x09, 
	0x10, 0x19, 0x1e, 0x09, 0x28, 0x0f, 0x11, 0x04, 
	0x09, 0x09, 0x09, 0x14, 0x18, 0x10, 0x19, 0x20, 
	0x09, 0x09, 0x09, 0x09, 0x07, 0x01, 0x01, 0x00, 
	0x00, 0x01, 0x01, 0x06, 0x0b, 0x09, 0x09, 0x09, 
	0x09, 0x03, 0x17, 0x09, 0x0f, 0x19, 0x0b, 0x23, 
	0x18, 0x17, 0x03, 0x03, 0x14, 0x03, 0x03, 0x09, 
	0x09, 0x09, 0x09, 0x0b, 0x06, 0x01, 0x01, 0x00, 
	0x00, 0x00, 0x01, 0x01, 0x03, 0x09, 0x09, 0x09, 
	0x09, 0x0c, 0x02, 0x07, 0x2b, 0x04, 0x28, 0x10, 
	0x09, 0x2c, 0x1b, 0x2c, 0x03, 0x1d, 0x1e, 0x09, 
	0x09, 0x09, 0x09, 0x03, 0x01, 0x01, 0x00, 0x00, 
	0x00, 0x00, 0x01, 0x01, 0x01, 0x0d, 0x09, 0x09, 
	0x09, 0x09, 0x0b, 0x18, 0x19, 0x03, 0x02, 0x0a, 
	0x15, 0x07, 0x03, 0x19, 0x03, 0x2c, 0x09, 0x09, 
	0x09, 0x09, 0x0e, 0x0a, 0x01, 0x01, 0x00, 0x00, 
	0x00, 0x00, 0x00, 0x01, 0x01, 0x06, 0x0f, 0x09, 
	0x09, 0x09, 0x09, 0x09, 0x12, 0x05, 0x1c, 0x1c, 
	0x1c, 0x1c, 0x05, 0x08, 0x09, 0x09, 0x09, 0x09, 
	0x09, 0x0f, 0x06, 0x01, 0x01, 0x00, 0x00, 0x00, 
	0x00, 0x00, 0x00, 0x00, 0x01, 0x01, 0x06, 0x0d, 
	0x09, 0x09, 0x09, 0x09, 0x09, 0x09, 0x09, 0x09, 
	0x09, 0x09, 0x09, 0x09, 0x09, 0x09, 0x09, 0x09, 
	0x0e, 0x06, 0x01, 0x01, 0x00, 0x00, 0x00, 0x00, 
	0x00, 0x00, 0x00, 0x00, 0x00, 0x01, 0x01, 0x01, 
	0x03, 0x0b, 0x09, 0x09, 0x09, 0x09, 0x09, 0x09, 
	0x09, 0x09, 0x09, 0x09, 0x09, 0x09, 0x0b, 0x24, 
	0x0a, 0x01, 0x01, 0x00, 0x00, 0x00, 0x00, 0x00, 
	0x00, 0x00, 0x00, 0x00, 0x00, 0x00, 0x01, 0x01, 
	0x01, 0x06, 0x07, 0x12, 0x09, 0x09, 0x09, 0x09, 
	0x09, 0x09, 0x09, 0x09, 0x12, 0x07, 0x06, 0x01, 
	0x01, 0x01, 0x00, 0x00, 0x00, 0x00, 0x00, 0x00, 
	0x00, 0x00, 0x00, 0x00, 0x00, 0x00, 0x00, 0x01, 
	0x01, 0x01, 0x01, 0x01, 0x02, 0x03, 0x04, 0x05, 
	0x05, 0x04, 0x03, 0x02, 0x01, 0x01, 0x01, 0x01, 
	0x01, 0x00, 0x00, 0x00, 0x00, 0x00, 0x00, 0x00, 
	0x00, 0x00, 0x00, 0x00, 0x00, 0x00, 0x00, 0x00, 
	0x00, 0x01, 0x01, 0x01, 0x01, 0x01, 0x01, 0x01, 
	0x01, 0x01, 0x01, 0x01, 0x01, 0x01, 0x01, 0x00, 
	0x00, 0x00, 0x00, 0x00, 0x00, 0x00, 0x00, 0x00, 
	0x00, 0x00, 0x00, 0x00, 0x00, 0x00, 0x00, 0x00, 
	0x00, 0x00, 0x00, 0x00, 0x01, 0x01, 0x01, 0x01, 
	0x01, 0x01, 0x01, 0x01, 0x00, 0x00, 0x00, 0x00, 
	0x00, 0x00, 0x00, 0x00, 0x00, 0x00, 0x00, 0x00, 
	
};

Gfx b18_b18_ci8_pal_rgba16_aligner[] = {gsSPEndDisplayList()};
u8 b18_b18_ci8_pal_rgba16[] = {
	0x5f, 0xd2, 0x5f, 0xd3, 0x4f, 0x11, 0x46, 0x0f, 
	0x3d, 0x4f, 0x3c, 0xcd, 0x57, 0x93, 0x45, 0x8f, 
	0x22, 0xc9, 0x18, 0xc7, 0x57, 0xd3, 0x22, 0x49, 
	0x22, 0x09, 0x3c, 0x8d, 0x34, 0x8d, 0x34, 0x0b, 
	0x2b, 0x09, 0x3d, 0x0d, 0x2a, 0xc9, 0x33, 0xcb, 
	0x22, 0x89, 0x4e, 0x91, 0x57, 0x13, 0x45, 0xcf, 
	0x4e, 0x51, 0x57, 0x53, 0x21, 0xc7, 0x19, 0x07, 
	0x45, 0x4f, 0x4e, 0xd1, 0x21, 0x87, 0x4e, 0x11, 
	0x2b, 0x4b, 0x2b, 0x8b, 0x46, 0x51, 0x34, 0x4d, 
	0x4e, 0x0f, 0x33, 0x8b, 0x5d, 0xd7, 0x3d, 0x0f, 
	0x57, 0x11, 0x34, 0x4b, 0x46, 0x4f, 0x19, 0x47, 
	0x19, 0x87, 
};

Gfx mat_b18_f3d_material[] = {
	gsDPPipeSync(),
	gsDPSetCombineLERP(0, 0, 0, TEXEL0, 0, 0, 0, TEXEL0, 0, 0, 0, TEXEL0, 0, 0, 0, TEXEL0),
	gsSPClearGeometryMode(G_CULL_BACK),
	gsSPSetGeometryMode(G_LIGHTING),
	gsSPTexture(65535, 65535, 0, 0, 1),
	gsDPSetTextureLUT(G_TT_RGBA16),
	gsDPSetTextureImage(G_IM_FMT_RGBA, G_IM_SIZ_16b, 1, b18_b18_ci8_pal_rgba16),
	gsDPTileSync(),
	gsDPSetTile(0, 0, 0, 256, 7, 0, G_TX_WRAP | G_TX_NOMIRROR, 0, 0, G_TX_WRAP | G_TX_NOMIRROR, 0, 0),
	gsDPLoadSync(),
	gsDPLoadTLUTCmd(7, 44),
	gsDPPipeSync(),
	gsDPTileSync(),
	gsDPSetTextureImage(G_IM_FMT_CI, G_IM_SIZ_8b_LOAD_BLOCK, 1, b18_b18_ci8),
	gsDPSetTile(G_IM_FMT_CI, G_IM_SIZ_8b_LOAD_BLOCK, 0, 0, 7, 0, G_TX_CLAMP | G_TX_NOMIRROR, 5, 0, G_TX_CLAMP | G_TX_NOMIRROR, 5, 0),
	gsDPLoadSync(),
	gsDPLoadBlock(7, 0, 0, 511, 512),
	gsDPPipeSync(),
	gsDPSetTile(G_IM_FMT_CI, G_IM_SIZ_8b, 4, 0, 0, 0, G_TX_CLAMP | G_TX_NOMIRROR, 5, 0, G_TX_CLAMP | G_TX_NOMIRROR, 5, 0),
	gsDPSetTileSize(0, 0, 0, 124, 124),
    gsSPLightColor(LIGHT_1, 0xfefefeff),
    gsSPLightColor(LIGHT_2, 0x7f7f7fff),
	gsSPEndDisplayList(),
};

Gfx b18_Plane_001_mesh[] = {
	gsSPDisplayList(mat_b18_f3d_material),
	gsSPDisplayList(badge_textures_mesh_tri_0),
	gsSPDisplayList(badge_textures_mat_revert),
	gsDPPipeSync(),
	gsSPSetGeometryMode(G_LIGHTING),
	gsSPClearGeometryMode(G_TEXTURE_GEN),
	gsDPSetCombineLERP(0, 0, 0, SHADE, 0, 0, 0, ENVIRONMENT, 0, 0, 0, SHADE, 0, 0, 0, ENVIRONMENT),
	gsSPTexture(65535, 65535, 0, 0, 0),
	gsSPEndDisplayList(),
};

// ---- b19 ----
Gfx b19_b19_ci8_aligner[] = {gsSPEndDisplayList()};
u8 b19_b19_ci8[] = {
	0x00, 0x00, 0x00, 0x00, 0x00, 0x00, 0x00, 0x00, 
	0x00, 0x00, 0x01, 0x01, 0x02, 0x02, 0x02, 0x02, 
	0x02, 0x02, 0x02, 0x02, 0x01, 0x01, 0x00, 0x00, 
	0x00, 0x00, 0x00, 0x00, 0x00, 0x00, 0x00, 0x00, 
	0x00, 0x00, 0x00, 0x00, 0x00, 0x00, 0x00, 0x00, 
	0x01, 0x02, 0x02, 0x02, 0x02, 0x02, 0x02, 0x02, 
	0x02, 0x02, 0x02, 0x02, 0x02, 0x02, 0x02, 0x01, 
	0x00, 0x00, 0x00, 0x00, 0x00, 0x00, 0x00, 0x00, 
	0x00, 0x00, 0x00, 0x00, 0x00, 0x00, 0x01, 0x02, 
	0x02, 0x02, 0x02, 0x02, 0x03, 0x04, 0x05, 0x06, 
	0x06, 0x05, 0x04, 0x03, 0x02, 0x02, 0x02, 0x02, 
	0x02, 0x01, 0x00, 0x00, 0x00, 0x00, 0x00, 0x00, 
	0x00, 0x00, 0x00, 0x00, 0x00, 0x01, 0x02, 0x02, 
	0x02, 0x07, 0x05, 0x08, 0x09, 0x09, 0x09, 0x09, 
	0x09, 0x09, 0x09, 0x09, 0x08, 0x05, 0x07, 0x02, 
	0x02, 0x02, 0x01, 0x00, 0x00, 0x00, 0x00, 0x00, 
	0x00, 0x00, 0x00, 0x00, 0x01, 0x02, 0x02, 0x02, 
	0x04, 0x0a, 0x09, 0x09, 0x09, 0x09, 0x09, 0x09, 
	0x09, 0x09, 0x09, 0x09, 0x09, 0x09, 0x0a, 0x04, 
	0x02, 0x02, 0x02, 0x01, 0x00, 0x00, 0x00, 0x00, 
	0x00, 0x00, 0x00, 0x01, 0x02, 0x02, 0x07, 0x0b, 
	0x09, 0x09, 0x09, 0x09, 0x09, 0x09, 0x09, 0x09, 
	0x09, 0x09, 0x09, 0x09, 0x09, 0x09, 0x09, 0x09, 
	0x0b, 0x07, 0x02, 0x02, 0x01, 0x00, 0x00, 0x00, 
	0x00, 0x00, 0x01, 0x02, 0x02, 0x07, 0x0c, 0x09, 
	0x09, 0x09, 0x09, 0x09, 0x0d, 0x0e, 0x0f, 0x0f, 
	0x0f, 0x0f, 0x0e, 0x0d, 0x09, 0x09, 0x09, 0x09, 
	0x09, 0x10, 0x07, 0x02, 0x02, 0x01, 0x00, 0x00, 
	0x00, 0x00, 0x02, 0x02, 0x02, 0x0b, 0x09, 0x09, 
	0x09, 0x09, 0x09, 0x09, 0x04, 0x07, 0x07, 0x07, 
	0x07, 0x07, 0x07, 0x04, 0x09, 0x09, 0x09, 0x09, 
	0x09, 0x09, 0x0b, 0x02, 0x02, 0x02, 0x00, 0x00, 
	0x00, 0x01, 0x02, 0x02, 0x04, 0x09, 0x09, 0x09, 
	0x09, 0x09, 0x09, 0x09, 0x05, 0x07, 0x0f, 0x0f, 
	0x0f, 0x0f, 0x07, 0x05, 0x09, 0x09, 0x09, 0x09, 
	0x09, 0x09, 0x09, 0x04, 0x02, 0x02, 0x01, 0x00, 
	0x00, 0x02, 0x02, 0x07, 0x0a, 0x09, 0x09, 0x09, 
	0x09, 0x09, 0x09, 0x09, 0x09, 0x0f, 0x07, 0x07, 
	0x07, 0x07, 0x0f, 0x09, 0x09, 0x09, 0x09, 0x09, 
	0x09, 0x09, 0x09, 0x0a, 0x07, 0x02, 0x02, 0x00, 
	0x01, 0x02, 0x02, 0x05, 0x09, 0x09, 0x09, 0x09, 
	0x09, 0x09, 0x09, 0x09, 0x09, 0x03, 0x07, 0x07, 
	0x07, 0x07, 0x03, 0x09, 0x09, 0x09, 0x09, 0x09, 
	0x09, 0x09, 0x09, 0x09, 0x05, 0x02, 0x02, 0x01, 
	0x01, 0x02, 0x02, 0x08, 0x09, 0x09, 0x09, 0x09, 
	0x09, 0x09, 0x09, 0x09, 0x09, 0x11, 0x07, 0x07, 
	0x07, 0x07, 0x11, 0x09, 0x09, 0x09, 0x09, 0x09, 
	0x09, 0x09, 0x09, 0x09, 0x08, 0x02, 0x02, 0x01, 
	0x02, 0x02, 0x0f, 0x09, 0x09, 0x09, 0x09, 0x09, 
	0x09, 0x09, 0x09, 0x09, 0x09, 0x09, 0x0f, 0x07, 
	0x07, 0x0f, 0x09, 0x09, 0x09, 0x09, 0x09, 0x09, 
	0x09, 0x09, 0x09, 0x09, 0x09, 0x0f, 0x02, 0x02, 
	0x02, 0x02, 0x04, 0x09, 0x09, 0x09, 0x09, 0x09, 
	0x09, 0x09, 0x09, 0x09, 0x09, 0x09, 0x12, 0x07, 
	0x07, 0x12, 0x09, 0x09, 0x09, 0x09, 0x09, 0x09, 
	0x09, 0x09, 0x09, 0x09, 0x09, 0x04, 0x02, 0x02, 
	0x02, 0x02, 0x05, 0x09, 0x09, 0x09, 0x09, 0x09, 
	0x09, 0x09, 0x09, 0x09, 0x09, 0x09, 0x03, 0x07, 
	0x07, 0x03, 0x09, 0x09, 0x09, 0x09, 0x09, 0x09, 
	0x09, 0x09, 0x09, 0x09, 0x09, 0x05, 0x02, 0x02, 
	0x02, 0x02, 0x06, 0x09, 0x09, 0x09, 0x09, 0x09, 
	0x09, 0x09, 0x09, 0x09, 0x09, 0x09, 0x0e, 0x07, 
	0x07, 0x0e, 0x09, 0x09, 0x09, 0x09, 0x09, 0x09, 
	0x09, 0x09, 0x09, 0x09, 0x09, 0x06, 0x02, 0x02, 
	0x02, 0x02, 0x06, 0x09, 0x09, 0x09, 0x09, 0x09, 
	0x09, 0x09, 0x09, 0x09, 0x09, 0x09, 0x13, 0x07, 
	0x07, 0x13, 0x09, 0x09, 0x09, 0x09, 0x09, 0x09, 
	0x09, 0x09, 0x09, 0x09, 0x09, 0x06, 0x02, 0x02, 
	0x02, 0x02, 0x05, 0x09, 0x09, 0x09, 0x09, 0x09, 
	0x09, 0x07, 0x0f, 0x07, 0x07, 0x07, 0x0f, 0x07, 
	0x07, 0x0f, 0x07, 0x07, 0x07, 0x0f, 0x07, 0x14, 
	0x09, 0x09, 0x09, 0x09, 0x09, 0x05, 0x02, 0x02, 
	0x02, 0x02, 0x04, 0x09, 0x09, 0x09, 0x09, 0x09, 
	0x09, 0x15, 0x07, 0x07, 0x07, 0x07, 0x07, 0x07, 
	0x07, 0x07, 0x07, 0x07, 0x07, 0x07, 0x16, 0x09, 
	0x09, 0x09, 0x09, 0x09, 0x09, 0x04, 0x02, 0x02, 
	0x02, 0x02, 0x03, 0x09, 0x09, 0x09, 0x09, 0x09, 
	0x09, 0x09, 0x17, 0x04, 0x07, 0x07, 0x07, 0x07, 
	0x07, 0x07, 0x07, 0x07, 0x07, 0x18, 0x09, 0x09, 
	0x09, 0x09, 0x09, 0x09, 0x09, 0x0f, 0x02, 0x02, 
	0x01, 0x02, 0x02, 0x08, 0x09, 0x09, 0x09, 0x09, 
	0x09, 0x09, 0x09, 0x09, 0x19, 0x07, 0x07, 0x07, 
	0x07, 0x07, 0x07, 0x04, 0x09, 0x09, 0x09, 0x09, 
	0x09, 0x09, 0x09, 0x09, 0x08, 0x02, 0x02, 0x01, 
	0x01, 0x02, 0x02, 0x05, 0x09, 0x09, 0x09, 0x09, 
	0x09, 0x09, 0x09, 0x09, 0x09, 0x17, 0x07, 0x07, 
	0x07, 0x07, 0x1a, 0x09, 0x09, 0x09, 0x09, 0x09, 
	0x09, 0x09, 0x09, 0x09, 0x05, 0x02, 0x02, 0x01, 
	0x00, 0x02, 0x02, 0x07, 0x0a, 0x09, 0x09, 0x09, 
	0x09, 0x09, 0x09, 0x09, 0x09, 0x09, 0x16, 0x07, 
	0x07, 0x0c, 0x09, 0x09, 0x09, 0x09, 0x09, 0x09, 
	0x09, 0x09, 0x09, 0x0a, 0x07, 0x02, 0x02, 0x00, 
	0x00, 0x01, 0x02, 0x02, 0x04, 0x09, 0x09, 0x09, 
	0x09, 0x09, 0x09, 0x09, 0x09, 0x09, 0x09, 0x0f, 
	0x13, 0x09, 0x09, 0x09, 0x09, 0x09, 0x09, 0x09, 
	0x09, 0x09, 0x09, 0x04, 0x02, 0x02, 0x01, 0x00, 
	0x00, 0x00, 0x02, 0x02, 0x02, 0x0b, 0x09, 0x09, 
	0x09, 0x09, 0x09, 0x09, 0x09, 0x09, 0x09, 0x0a, 
	0x18, 0x09, 0x09, 0x09, 0x09, 0x09, 0x09, 0x09, 
	0x09, 0x09, 0x0b, 0x02, 0x02, 0x02, 0x00, 0x00, 
	0x00, 0x00, 0x01, 0x02, 0x02, 0x07, 0x0c, 0x09, 
	0x09, 0x09, 0x09, 0x09, 0x09, 0x09, 0x09, 0x09, 
	0x09, 0x09, 0x09, 0x09, 0x09, 0x09, 0x09, 0x09, 
	0x09, 0x0c, 0x07, 0x02, 0x02, 0x01, 0x00, 0x00, 
	0x00, 0x00, 0x00, 0x01, 0x02, 0x02, 0x07, 0x0b, 
	0x09, 0x09, 0x09, 0x09, 0x09, 0x09, 0x09, 0x09, 
	0x09, 0x09, 0x09, 0x09, 0x09, 0x09, 0x09, 0x09, 
	0x0b, 0x07, 0x02, 0x02, 0x01, 0x00, 0x00, 0x00, 
	0x00, 0x00, 0x00, 0x00, 0x01, 0x02, 0x02, 0x02, 
	0x04, 0x0a, 0x09, 0x09, 0x09, 0x09, 0x09, 0x09, 
	0x09, 0x09, 0x09, 0x09, 0x09, 0x09, 0x0a, 0x04, 
	0x02, 0x02, 0x02, 0x01, 0x00, 0x00, 0x00, 0x00, 
	0x00, 0x00, 0x00, 0x00, 0x00, 0x01, 0x02, 0x02, 
	0x02, 0x07, 0x05, 0x08, 0x09, 0x09, 0x09, 0x09, 
	0x09, 0x09, 0x09, 0x09, 0x08, 0x05, 0x07, 0x02, 
	0x02, 0x02, 0x01, 0x00, 0x00, 0x00, 0x00, 0x00, 
	0x00, 0x00, 0x00, 0x00, 0x00, 0x00, 0x01, 0x02, 
	0x02, 0x02, 0x02, 0x02, 0x0f, 0x04, 0x05, 0x06, 
	0x06, 0x05, 0x04, 0x0f, 0x02, 0x02, 0x02, 0x02, 
	0x02, 0x01, 0x00, 0x00, 0x00, 0x00, 0x00, 0x00, 
	0x00, 0x00, 0x00, 0x00, 0x00, 0x00, 0x00, 0x00, 
	0x01, 0x02, 0x02, 0x02, 0x02, 0x02, 0x02, 0x02, 
	0x02, 0x02, 0x02, 0x02, 0x02, 0x02, 0x02, 0x01, 
	0x00, 0x00, 0x00, 0x00, 0x00, 0x00, 0x00, 0x00, 
	0x00, 0x00, 0x00, 0x00, 0x00, 0x00, 0x00, 0x00, 
	0x00, 0x00, 0x01, 0x01, 0x02, 0x02, 0x02, 0x02, 
	0x02, 0x02, 0x02, 0x02, 0x01, 0x01, 0x00, 0x00, 
	0x00, 0x00, 0x00, 0x00, 0x00, 0x00, 0x00, 0x00, 
	
};

Gfx b19_b19_ci8_pal_rgba16_aligner[] = {gsSPEndDisplayList()};
u8 b19_b19_ci8_pal_rgba16[] = {
	0x4b, 0x5e, 0x4b, 0x9e, 0x4b, 0x9f, 0x4b, 0x1d, 
	0x42, 0xd9, 0x3a, 0x97, 0x3a, 0x55, 0x4b, 0x5f, 
	0x29, 0x8d, 0x18, 0xc7, 0x21, 0x4b, 0x32, 0x53, 
	0x32, 0x13, 0x21, 0x8d, 0x43, 0x1d, 0x4b, 0x5d, 
	0x32, 0x11, 0x2a, 0x13, 0x43, 0x5d, 0x42, 0xdb, 
	0x32, 0x55, 0x3a, 0x99, 0x29, 0xd1, 0x21, 0x0b, 
	0x19, 0x09, 0x21, 0x8f, 0x2a, 0x11, 
};

Gfx mat_b19_f3d_material[] = {
	gsDPPipeSync(),
	gsDPSetCombineLERP(0, 0, 0, TEXEL0, 0, 0, 0, TEXEL0, 0, 0, 0, TEXEL0, 0, 0, 0, TEXEL0),
	gsSPClearGeometryMode(G_CULL_BACK),
	gsSPSetGeometryMode(G_LIGHTING),
	gsSPTexture(65535, 65535, 0, 0, 1),
	gsDPSetTextureLUT(G_TT_RGBA16),
	gsDPSetTextureImage(G_IM_FMT_RGBA, G_IM_SIZ_16b, 1, b19_b19_ci8_pal_rgba16),
	gsDPTileSync(),
	gsDPSetTile(0, 0, 0, 256, 7, 0, G_TX_WRAP | G_TX_NOMIRROR, 0, 0, G_TX_WRAP | G_TX_NOMIRROR, 0, 0),
	gsDPLoadSync(),
	gsDPLoadTLUTCmd(7, 26),
	gsDPPipeSync(),
	gsDPTileSync(),
	gsDPSetTextureImage(G_IM_FMT_CI, G_IM_SIZ_8b_LOAD_BLOCK, 1, b19_b19_ci8),
	gsDPSetTile(G_IM_FMT_CI, G_IM_SIZ_8b_LOAD_BLOCK, 0, 0, 7, 0, G_TX_CLAMP | G_TX_NOMIRROR, 5, 0, G_TX_CLAMP | G_TX_NOMIRROR, 5, 0),
	gsDPLoadSync(),
	gsDPLoadBlock(7, 0, 0, 511, 512),
	gsDPPipeSync(),
	gsDPSetTile(G_IM_FMT_CI, G_IM_SIZ_8b, 4, 0, 0, 0, G_TX_CLAMP | G_TX_NOMIRROR, 5, 0, G_TX_CLAMP | G_TX_NOMIRROR, 5, 0),
	gsDPSetTileSize(0, 0, 0, 124, 124),
    gsSPLightColor(LIGHT_1, 0xfefefeff),
    gsSPLightColor(LIGHT_2, 0x7f7f7fff),
	gsSPEndDisplayList(),
};

Gfx b19_Plane_001_mesh[] = {
	gsSPDisplayList(mat_b19_f3d_material),
	gsSPDisplayList(badge_textures_mesh_tri_0),
	gsSPDisplayList(badge_textures_mat_revert),
	gsDPPipeSync(),
	gsSPSetGeometryMode(G_LIGHTING),
	gsSPClearGeometryMode(G_TEXTURE_GEN),
	gsDPSetCombineLERP(0, 0, 0, SHADE, 0, 0, 0, ENVIRONMENT, 0, 0, 0, SHADE, 0, 0, 0, ENVIRONMENT),
	gsSPTexture(65535, 65535, 0, 0, 0),
	gsSPEndDisplayList(),
};

// ---- b20 ----
Gfx b20_refined_slowfall_badge_ci8_aligner[] = {gsSPEndDisplayList()};
u8 b20_refined_slowfall_badge_ci8[] = {
	0x00, 0x00, 0x00, 0x00, 0x00, 0x00, 0x00, 0x00, 
	0x00, 0x00, 0x01, 0x01, 0x01, 0x01, 0x01, 0x01, 
	0x01, 0x01, 0x01, 0x01, 0x01, 0x01, 0x00, 0x00, 
	0x00, 0x00, 0x00, 0x00, 0x00, 0x00, 0x00, 0x00, 
	0x00, 0x00, 0x00, 0x00, 0x00, 0x00, 0x00, 0x00, 
	0x01, 0x01, 0x01, 0x01, 0x01, 0x01, 0x01, 0x01, 
	0x01, 0x01, 0x01, 0x01, 0x01, 0x01, 0x01, 0x01, 
	0x00, 0x00, 0x00, 0x00, 0x00, 0x00, 0x00, 0x00, 
	0x00, 0x00, 0x00, 0x00, 0x00, 0x00, 0x01, 0x01, 
	0x01, 0x01, 0x01, 0x02, 0x03, 0x04, 0x05, 0x06, 
	0x06, 0x05, 0x04, 0x03, 0x02, 0x01, 0x01, 0x01, 
	0x01, 0x01, 0x00, 0x00, 0x00, 0x00, 0x00, 0x00, 
	0x00, 0x00, 0x00, 0x00, 0x00, 0x01, 0x01, 0x01, 
	0x01, 0x07, 0x08, 0x09, 0x0a, 0x0a, 0x0a, 0x0a, 
	0x0a, 0x0a, 0x0a, 0x0a, 0x09, 0x0b, 0x07, 0x01, 
	0x01, 0x01, 0x01, 0x00, 0x00, 0x00, 0x00, 0x00, 
	0x00, 0x00, 0x00, 0x00, 0x01, 0x01, 0x01, 0x01, 
	0x04, 0x0c, 0x0a, 0x0a, 0x0a, 0x0a, 0x0a, 0x0a, 
	0x0a, 0x0a, 0x0a, 0x0a, 0x0a, 0x0a, 0x0d, 0x04, 
	0x01, 0x01, 0x01, 0x01, 0x00, 0x00, 0x00, 0x00, 
	0x00, 0x00, 0x00, 0x01, 0x01, 0x01, 0x02, 0x0e, 
	0x0a, 0x0a, 0x0a, 0x0a, 0x0a, 0x0a, 0x0a, 0x0a, 
	0x0a, 0x0a, 0x0a, 0x0a, 0x0a, 0x0a, 0x0a, 0x0a, 
	0x0e, 0x02, 0x01, 0x01, 0x01, 0x00, 0x00, 0x00, 
	0x00, 0x00, 0x01, 0x01, 0x01, 0x02, 0x0f, 0x0a, 
	0x0a, 0x0a, 0x0a, 0x0a, 0x0a, 0x0a, 0x0a, 0x0a, 
	0x0a, 0x0a, 0x0a, 0x0a, 0x0a, 0x0a, 0x0a, 0x0a, 
	0x0a, 0x10, 0x02, 0x01, 0x01, 0x01, 0x00, 0x00, 
	0x00, 0x00, 0x01, 0x01, 0x01, 0x0e, 0x11, 0x0a, 
	0x0a, 0x0a, 0x0a, 0x0a, 0x0a, 0x0a, 0x0a, 0x0a, 
	0x0a, 0x0a, 0x0a, 0x0a, 0x0a, 0x0a, 0x0a, 0x0a, 
	0x0a, 0x0a, 0x12, 0x01, 0x01, 0x01, 0x00, 0x00, 
	0x00, 0x01, 0x01, 0x01, 0x04, 0x13, 0x0a, 0x0a, 
	0x0a, 0x0a, 0x0a, 0x0a, 0x0a, 0x0a, 0x0a, 0x0a, 
	0x0a, 0x0a, 0x0a, 0x0a, 0x0a, 0x0a, 0x14, 0x15, 
	0x0a, 0x0a, 0x0a, 0x04, 0x01, 0x01, 0x01, 0x00, 
	0x00, 0x01, 0x01, 0x07, 0x0c, 0x0a, 0x0a, 0x0a, 
	0x0a, 0x0a, 0x0a, 0x0a, 0x0a, 0x0a, 0x0a, 0x0a, 
	0x0a, 0x0a, 0x0a, 0x0a, 0x0a, 0x16, 0x17, 0x18, 
	0x0a, 0x0a, 0x0a, 0x0d, 0x02, 0x01, 0x01, 0x00, 
	0x01, 0x01, 0x01, 0x08, 0x0a, 0x0a, 0x0a, 0x0a, 
	0x0a, 0x0a, 0x0a, 0x0a, 0x0a, 0x0a, 0x0a, 0x0a, 
	0x0a, 0x0a, 0x0a, 0x14, 0x19, 0x1a, 0x1b, 0x1c, 
	0x0a, 0x0a, 0x0a, 0x0a, 0x0b, 0x01, 0x01, 0x01, 
	0x01, 0x01, 0x02, 0x1d, 0x0a, 0x0a, 0x0a, 0x0a, 
	0x0a, 0x0a, 0x0a, 0x0a, 0x0a, 0x0a, 0x0a, 0x0a, 
	0x0a, 0x1e, 0x1f, 0x20, 0x1b, 0x1b, 0x20, 0x21, 
	0x0a, 0x0a, 0x0a, 0x0a, 0x09, 0x01, 0x01, 0x01, 
	0x01, 0x01, 0x03, 0x0a, 0x0a, 0x0a, 0x0a, 0x0a, 
	0x0a, 0x0a, 0x0a, 0x0a, 0x0a, 0x0a, 0x21, 0x22, 
	0x23, 0x1a, 0x1b, 0x1b, 0x1b, 0x18, 0x24, 0x0a, 
	0x0a, 0x0a, 0x0a, 0x0a, 0x0a, 0x25, 0x01, 0x01, 
	0x01, 0x01, 0x04, 0x0a, 0x0a, 0x0a, 0x0a, 0x0a, 
	0x0a, 0x0a, 0x0a, 0x0a, 0x26, 0x04, 0x1a, 0x1b, 
	0x1b, 0x1b, 0x1b, 0x1b, 0x17, 0x27, 0x0a, 0x0a, 
	0x0a, 0x0a, 0x0a, 0x0a, 0x0a, 0x04, 0x01, 0x01, 
	0x01, 0x01, 0x05, 0x0a, 0x0a, 0x0a, 0x0a, 0x0a, 
	0x0a, 0x0a, 0x14, 0x0b, 0x1b, 0x1b, 0x1b, 0x1b, 
	0x1b, 0x1b, 0x28, 0x29, 0x1e, 0x04, 0x29, 0x0a, 
	0x0a, 0x0a, 0x0a, 0x0a, 0x0a, 0x2a, 0x01, 0x01, 
	0x01, 0x01, 0x12, 0x0a, 0x0a, 0x0a, 0x0a, 0x0a, 
	0x0a, 0x2b, 0x17, 0x1b, 0x1b, 0x1b, 0x1b, 0x1b, 
	0x1b, 0x2c, 0x2d, 0x1a, 0x1b, 0x17, 0x0a, 0x0a, 
	0x0a, 0x0a, 0x0a, 0x0a, 0x0a, 0x06, 0x01, 0x01, 
	0x01, 0x01, 0x12, 0x0a, 0x0a, 0x0a, 0x0a, 0x0a, 
	0x2e, 0x28, 0x1b, 0x1b, 0x1b, 0x1b, 0x1b, 0x1b, 
	0x1b, 0x1b, 0x1b, 0x1b, 0x18, 0x24, 0x0a, 0x0a, 
	0x0a, 0x0a, 0x0a, 0x0a, 0x0a, 0x06, 0x01, 0x01, 
	0x01, 0x01, 0x05, 0x0a, 0x0a, 0x0a, 0x0a, 0x0a, 
	0x1f, 0x1b, 0x1b, 0x1b, 0x1b, 0x1b, 0x1b, 0x1b, 
	0x1b, 0x1b, 0x1a, 0x2f, 0x27, 0x0a, 0x0a, 0x0a, 
	0x0a, 0x0a, 0x0a, 0x0a, 0x0a, 0x2a, 0x01, 0x01, 
	0x01, 0x01, 0x04, 0x0a, 0x0a, 0x0a, 0x0a, 0x0a, 
	0x28, 0x1b, 0x1b, 0x1b, 0x1b, 0x1b, 0x1b, 0x28, 
	0x1e, 0x21, 0x30, 0x0a, 0x0a, 0x0a, 0x0a, 0x0a, 
	0x0a, 0x0a, 0x0a, 0x0a, 0x0a, 0x04, 0x01, 0x01, 
	0x01, 0x01, 0x03, 0x0a, 0x0a, 0x0a, 0x0a, 0x0a, 
	0x1b, 0x1b, 0x1b, 0x1b, 0x1b, 0x1b, 0x1b, 0x1b, 
	0x1b, 0x1b, 0x23, 0x0a, 0x0a, 0x0a, 0x0a, 0x0a, 
	0x0a, 0x0a, 0x0a, 0x0a, 0x0a, 0x25, 0x01, 0x01, 
	0x01, 0x01, 0x02, 0x1d, 0x0a, 0x0a, 0x0a, 0x0a, 
	0x1a, 0x1b, 0x1b, 0x1b, 0x1b, 0x1b, 0x1b, 0x1b, 
	0x1b, 0x28, 0x2b, 0x0a, 0x0a, 0x0a, 0x0a, 0x0a, 
	0x0a, 0x0a, 0x0a, 0x0a, 0x09, 0x01, 0x01, 0x01, 
	0x01, 0x01, 0x01, 0x31, 0x0a, 0x0a, 0x0a, 0x0a, 
	0x2c, 0x1b, 0x1b, 0x1b, 0x18, 0x23, 0x04, 0x1f, 
	0x32, 0x0a, 0x0a, 0x0a, 0x0a, 0x0a, 0x0a, 0x0a, 
	0x0a, 0x0a, 0x0a, 0x0a, 0x0b, 0x01, 0x01, 0x01, 
	0x00, 0x01, 0x01, 0x07, 0x0c, 0x0a, 0x0a, 0x0a, 
	0x33, 0x1b, 0x17, 0x34, 0x35, 0x0a, 0x0a, 0x0a, 
	0x0a, 0x0a, 0x0a, 0x0a, 0x0a, 0x0a, 0x0a, 0x0a, 
	0x0a, 0x0a, 0x0a, 0x0d, 0x02, 0x01, 0x01, 0x00, 
	0x00, 0x01, 0x01, 0x01, 0x04, 0x0a, 0x0a, 0x0a, 
	0x0a, 0x04, 0x21, 0x0a, 0x0a, 0x0a, 0x0a, 0x0a, 
	0x0a, 0x0a, 0x0a, 0x0a, 0x0a, 0x0a, 0x0a, 0x0a, 
	0x0a, 0x0a, 0x0a, 0x04, 0x01, 0x01, 0x01, 0x00, 
	0x00, 0x00, 0x01, 0x01, 0x01, 0x0e, 0x0a, 0x0a, 
	0x0a, 0x0a, 0x0a, 0x0a, 0x0a, 0x0a, 0x0a, 0x0a, 
	0x0a, 0x0a, 0x0a, 0x0a, 0x0a, 0x0a, 0x0a, 0x0a, 
	0x0a, 0x0a, 0x12, 0x01, 0x01, 0x01, 0x00, 0x00, 
	0x00, 0x00, 0x01, 0x01, 0x01, 0x02, 0x0f, 0x0a, 
	0x0a, 0x0a, 0x0a, 0x0a, 0x0a, 0x0a, 0x0a, 0x0a, 
	0x0a, 0x0a, 0x0a, 0x0a, 0x0a, 0x0a, 0x0a, 0x0a, 
	0x0a, 0x10, 0x02, 0x01, 0x01, 0x01, 0x00, 0x00, 
	0x00, 0x00, 0x00, 0x01, 0x01, 0x01, 0x02, 0x0e, 
	0x0a, 0x0a, 0x0a, 0x0a, 0x0a, 0x0a, 0x0a, 0x0a, 
	0x0a, 0x0a, 0x0a, 0x0a, 0x0a, 0x0a, 0x0a, 0x0a, 
	0x12, 0x02, 0x01, 0x01, 0x01, 0x00, 0x00, 0x00, 
	0x00, 0x00, 0x00, 0x00, 0x01, 0x01, 0x01, 0x01, 
	0x04, 0x0c, 0x0a, 0x0a, 0x0a, 0x0a, 0x0a, 0x0a, 
	0x0a, 0x0a, 0x0a, 0x0a, 0x0a, 0x0a, 0x0d, 0x04, 
	0x01, 0x01, 0x01, 0x01, 0x00, 0x00, 0x00, 0x00, 
	0x00, 0x00, 0x00, 0x00, 0x00, 0x01, 0x01, 0x01, 
	0x01, 0x02, 0x0b, 0x09, 0x0a, 0x0a, 0x0a, 0x0a, 
	0x0a, 0x0a, 0x0a, 0x0a, 0x09, 0x0b, 0x02, 0x01, 
	0x01, 0x01, 0x01, 0x00, 0x00, 0x00, 0x00, 0x00, 
	0x00, 0x00, 0x00, 0x00, 0x00, 0x00, 0x01, 0x01, 
	0x01, 0x01, 0x01, 0x01, 0x25, 0x04, 0x2a, 0x06, 
	0x06, 0x2a, 0x04, 0x25, 0x01, 0x01, 0x01, 0x01, 
	0x01, 0x01, 0x00, 0x00, 0x00, 0x00, 0x00, 0x00, 
	0x00, 0x00, 0x00, 0x00, 0x00, 0x00, 0x00, 0x00, 
	0x01, 0x01, 0x01, 0x01, 0x01, 0x01, 0x01, 0x01, 
	0x01, 0x01, 0x01, 0x01, 0x01, 0x01, 0x01, 0x01, 
	0x00, 0x00, 0x00, 0x00, 0x00, 0x00, 0x00, 0x00, 
	0x00, 0x00, 0x00, 0x00, 0x00, 0x00, 0x00, 0x00, 
	0x00, 0x00, 0x01, 0x01, 0x01, 0x01, 0x01, 0x01, 
	0x01, 0x01, 0x01, 0x01, 0x01, 0x01, 0x00, 0x00, 
	0x00, 0x00, 0x00, 0x00, 0x00, 0x00, 0x00, 0x00, 
	
};

Gfx b20_refined_slowfall_badge_ci8_pal_rgba16_aligner[] = {gsSPEndDisplayList()};
u8 b20_refined_slowfall_badge_ci8_pal_rgba16[] = {
	0x0f, 0x3c, 0x0f, 0x3d, 0x0e, 0xfd, 0x0e, 0x77, 
	0x0d, 0xb1, 0x04, 0xeb, 0x04, 0xa9, 0x0e, 0xfb, 
	0x0d, 0x6d, 0x03, 0x1b, 0x18, 0xc7, 0x0d, 0x6f, 
	0x02, 0x55, 0x02, 0x97, 0x04, 0x67, 0x03, 0xe3, 
	0x04, 0x23, 0x01, 0x4d, 0x04, 0xa7, 0x01, 0x8f, 
	0x19, 0xd1, 0x0d, 0xf3, 0x13, 0x5f, 0x06, 0x77, 
	0x06, 0xb9, 0x15, 0x2d, 0x06, 0xbb, 0x06, 0xfb, 
	0x15, 0x6f, 0x02, 0xd9, 0x1a, 0x55, 0x14, 0xeb, 
	0x06, 0x79, 0x1a, 0x13, 0x14, 0xa9, 0x0d, 0xf5, 
	0x13, 0x5d, 0x0e, 0x79, 0x1b, 0x5d, 0x1a, 0xd9, 
	0x06, 0x37, 0x1b, 0x1b, 0x05, 0x2d, 0x1a, 0x97, 
	0x0e, 0x35, 0x0d, 0x71, 0x19, 0x4d, 0x0d, 0xb3, 
	0x1a, 0x53, 0x0d, 0x2d, 0x13, 0xa1, 0x14, 0x67, 
	0x13, 0xe3, 0x18, 0xc9, 
};

Gfx mat_b20_f3d_material[] = {
	gsDPPipeSync(),
	gsDPSetCombineLERP(0, 0, 0, TEXEL0, 0, 0, 0, TEXEL0, 0, 0, 0, TEXEL0, 0, 0, 0, TEXEL0),
	gsSPClearGeometryMode(G_CULL_BACK),
	gsSPSetGeometryMode(G_LIGHTING),
	gsSPTexture(65535, 65535, 0, 0, 1),
	gsDPSetTextureLUT(G_TT_RGBA16),
	gsDPSetTextureImage(G_IM_FMT_RGBA, G_IM_SIZ_16b, 1, b20_refined_slowfall_badge_ci8_pal_rgba16),
	gsDPTileSync(),
	gsDPSetTile(0, 0, 0, 256, 7, 0, G_TX_WRAP | G_TX_NOMIRROR, 0, 0, G_TX_WRAP | G_TX_NOMIRROR, 0, 0),
	gsDPLoadSync(),
	gsDPLoadTLUTCmd(7, 53),
	gsDPPipeSync(),
	gsDPTileSync(),
	gsDPSetTextureImage(G_IM_FMT_CI, G_IM_SIZ_8b_LOAD_BLOCK, 1, b20_refined_slowfall_badge_ci8),
	gsDPSetTile(G_IM_FMT_CI, G_IM_SIZ_8b_LOAD_BLOCK, 0, 0, 7, 0, G_TX_CLAMP | G_TX_NOMIRROR, 5, 0, G_TX_CLAMP | G_TX_NOMIRROR, 5, 0),
	gsDPLoadSync(),
	gsDPLoadBlock(7, 0, 0, 511, 512),
	gsDPPipeSync(),
	gsDPSetTile(G_IM_FMT_CI, G_IM_SIZ_8b, 4, 0, 0, 0, G_TX_CLAMP | G_TX_NOMIRROR, 5, 0, G_TX_CLAMP | G_TX_NOMIRROR, 5, 0),
	gsDPSetTileSize(0, 0, 0, 124, 124),
    gsSPLightColor(LIGHT_1, 0xfefefeff),
    gsSPLightColor(LIGHT_2, 0x7f7f7fff),
	gsSPEndDisplayList(),
};

Gfx b20_Plane_001_mesh[] = {
	gsSPDisplayList(mat_b20_f3d_material),
	gsSPDisplayList(badge_textures_mesh_tri_0),
	gsSPDisplayList(badge_textures_mat_revert),
	gsDPPipeSync(),
	gsSPSetGeometryMode(G_LIGHTING),
	gsSPClearGeometryMode(G_TEXTURE_GEN),
	gsDPSetCombineLERP(0, 0, 0, SHADE, 0, 0, 0, ENVIRONMENT, 0, 0, 0, SHADE, 0, 0, 0, ENVIRONMENT),
	gsSPTexture(65535, 65535, 0, 0, 0),
	gsSPEndDisplayList(),
};

// ---- b21 ----
Gfx b21_b21_ci8_aligner[] = {gsSPEndDisplayList()};
u8 b21_b21_ci8[] = {
	0x00, 0x00, 0x00, 0x00, 0x00, 0x00, 0x00, 0x00, 
	0x00, 0x00, 0x00, 0x00, 0x01, 0x01, 0x01, 0x01, 
	0x01, 0x01, 0x01, 0x01, 0x00, 0x00, 0x00, 0x00, 
	0x00, 0x00, 0x00, 0x00, 0x00, 0x00, 0x00, 0x00, 
	0x00, 0x00, 0x00, 0x00, 0x00, 0x00, 0x00, 0x00, 
	0x00, 0x01, 0x01, 0x01, 0x01, 0x01, 0x01, 0x01, 
	0x01, 0x01, 0x01, 0x01, 0x01, 0x01, 0x01, 0x00, 
	0x00, 0x00, 0x00, 0x00, 0x00, 0x00, 0x00, 0x00, 
	0x00, 0x00, 0x00, 0x00, 0x00, 0x00, 0x00, 0x01, 
	0x01, 0x01, 0x01, 0x01, 0x02, 0x03, 0x04, 0x05, 
	0x05, 0x04, 0x03, 0x02, 0x01, 0x01, 0x01, 0x01, 
	0x01, 0x00, 0x00, 0x00, 0x00, 0x00, 0x00, 0x00, 
	0x00, 0x00, 0x00, 0x00, 0x00, 0x00, 0x01, 0x01, 
	0x01, 0x06, 0x07, 0x08, 0x09, 0x09, 0x09, 0x09, 
	0x09, 0x09, 0x09, 0x09, 0x08, 0x07, 0x0a, 0x01, 
	0x01, 0x01, 0x00, 0x00, 0x00, 0x00, 0x00, 0x00, 
	0x00, 0x00, 0x00, 0x00, 0x00, 0x01, 0x01, 0x01, 
	0x0b, 0x0c, 0x09, 0x09, 0x09, 0x09, 0x09, 0x09, 
	0x09, 0x09, 0x09, 0x09, 0x09, 0x09, 0x0c, 0x0b, 
	0x01, 0x01, 0x01, 0x00, 0x00, 0x00, 0x00, 0x00, 
	0x00, 0x00, 0x00, 0x00, 0x01, 0x01, 0x0a, 0x0d, 
	0x09, 0x09, 0x09, 0x09, 0x09, 0x09, 0x09, 0x09, 
	0x09, 0x09, 0x09, 0x09, 0x09, 0x09, 0x09, 0x09, 
	0x0e, 0x01, 0x01, 0x01, 0x00, 0x00, 0x00, 0x00, 
	0x00, 0x00, 0x00, 0x01, 0x01, 0x01, 0x0f, 0x09, 
	0x09, 0x09, 0x09, 0x09, 0x09, 0x09, 0x09, 0x09, 
	0x09, 0x09, 0x09, 0x09, 0x09, 0x09, 0x09, 0x09, 
	0x09, 0x10, 0x01, 0x01, 0x01, 0x00, 0x00, 0x00, 
	0x00, 0x00, 0x01, 0x01, 0x01, 0x0d, 0x09, 0x09, 
	0x09, 0x09, 0x09, 0x09, 0x09, 0x09, 0x09, 0x09, 
	0x09, 0x09, 0x09, 0x09, 0x09, 0x09, 0x09, 0x09, 
	0x09, 0x09, 0x0e, 0x01, 0x01, 0x01, 0x00, 0x00, 
	0x00, 0x00, 0x01, 0x01, 0x03, 0x09, 0x09, 0x11, 
	0x12, 0x13, 0x14, 0x09, 0x09, 0x09, 0x09, 0x15, 
	0x16, 0x09, 0x09, 0x09, 0x09, 0x09, 0x09, 0x09, 
	0x09, 0x09, 0x09, 0x0b, 0x01, 0x01, 0x00, 0x00, 
	0x00, 0x01, 0x01, 0x06, 0x16, 0x09, 0x17, 0x18, 
	0x06, 0x06, 0x19, 0x09, 0x09, 0x09, 0x09, 0x12, 
	0x18, 0x09, 0x09, 0x09, 0x09, 0x09, 0x09, 0x09, 
	0x09, 0x09, 0x09, 0x0c, 0x0a, 0x01, 0x01, 0x00, 
	0x00, 0x01, 0x01, 0x07, 0x09, 0x09, 0x1a, 0x1b, 
	0x01, 0x01, 0x1c, 0x09, 0x09, 0x09, 0x09, 0x1d, 
	0x1e, 0x09, 0x1f, 0x1f, 0x09, 0x09, 0x09, 0x09, 
	0x09, 0x09, 0x09, 0x09, 0x07, 0x01, 0x01, 0x00, 
	0x00, 0x01, 0x01, 0x20, 0x09, 0x21, 0x22, 0x23, 
	0x01, 0x01, 0x24, 0x25, 0x09, 0x1f, 0x1f, 0x0d, 
	0x26, 0x09, 0x09, 0x09, 0x09, 0x09, 0x09, 0x09, 
	0x09, 0x09, 0x09, 0x09, 0x08, 0x01, 0x01, 0x00, 
	0x01, 0x01, 0x02, 0x09, 0x11, 0x27, 0x01, 0x01, 
	0x06, 0x01, 0x06, 0x22, 0x15, 0x09, 0x09, 0x20, 
	0x28, 0x09, 0x29, 0x07, 0x06, 0x25, 0x09, 0x09, 
	0x1f, 0x1f, 0x09, 0x09, 0x09, 0x02, 0x01, 0x01, 
	0x01, 0x01, 0x1c, 0x09, 0x20, 0x1b, 0x01, 0x01, 
	0x1e, 0x01, 0x01, 0x01, 0x18, 0x1f, 0x09, 0x09, 
	0x09, 0x11, 0x1b, 0x06, 0x19, 0x09, 0x09, 0x09, 
	0x09, 0x09, 0x1f, 0x09, 0x09, 0x2a, 0x01, 0x01, 
	0x01, 0x01, 0x2b, 0x09, 0x29, 0x2c, 0x2d, 0x0e, 
	0x20, 0x27, 0x01, 0x01, 0x06, 0x2e, 0x25, 0x09, 
	0x09, 0x09, 0x2f, 0x25, 0x09, 0x09, 0x09, 0x09, 
	0x09, 0x09, 0x09, 0x09, 0x09, 0x22, 0x01, 0x01, 
	0x01, 0x01, 0x0e, 0x09, 0x09, 0x29, 0x2f, 0x15, 
	0x09, 0x21, 0x22, 0x06, 0x01, 0x1b, 0x30, 0x1f, 
	0x09, 0x09, 0x21, 0x19, 0x11, 0x09, 0x09, 0x09, 
	0x09, 0x09, 0x09, 0x09, 0x09, 0x05, 0x01, 0x01, 
	0x01, 0x01, 0x0e, 0x09, 0x09, 0x09, 0x09, 0x09, 
	0x09, 0x09, 0x29, 0x0d, 0x2d, 0x1b, 0x22, 0x11, 
	0x09, 0x09, 0x31, 0x01, 0x01, 0x32, 0x33, 0x1f, 
	0x09, 0x09, 0x09, 0x09, 0x09, 0x05, 0x01, 0x01, 
	0x01, 0x01, 0x2b, 0x09, 0x09, 0x09, 0x09, 0x09, 
	0x09, 0x09, 0x09, 0x14, 0x34, 0x30, 0x2f, 0x1f, 
	0x09, 0x1f, 0x1f, 0x35, 0x07, 0x06, 0x30, 0x1f, 
	0x1f, 0x1f, 0x36, 0x09, 0x09, 0x22, 0x01, 0x01, 
	0x01, 0x01, 0x1c, 0x09, 0x09, 0x09, 0x09, 0x09, 
	0x09, 0x09, 0x09, 0x09, 0x09, 0x09, 0x09, 0x09, 
	0x1f, 0x31, 0x11, 0x09, 0x09, 0x09, 0x09, 0x09, 
	0x09, 0x09, 0x09, 0x09, 0x09, 0x2a, 0x01, 0x01, 
	0x01, 0x01, 0x02, 0x09, 0x09, 0x09, 0x09, 0x09, 
	0x09, 0x09, 0x09, 0x09, 0x09, 0x09, 0x09, 0x09, 
	0x31, 0x37, 0x1c, 0x38, 0x09, 0x09, 0x09, 0x09, 
	0x09, 0x09, 0x09, 0x09, 0x09, 0x02, 0x01, 0x01, 
	0x00, 0x01, 0x01, 0x20, 0x09, 0x09, 0x09, 0x09, 
	0x09, 0x09, 0x09, 0x09, 0x09, 0x09, 0x09, 0x09, 
	0x16, 0x39, 0x01, 0x2a, 0x29, 0x09, 0x1f, 0x09, 
	0x09, 0x09, 0x09, 0x09, 0x08, 0x01, 0x01, 0x00, 
	0x00, 0x01, 0x01, 0x3a, 0x09, 0x09, 0x09, 0x09, 
	0x09, 0x09, 0x1f, 0x09, 0x09, 0x09, 0x09, 0x09, 
	0x14, 0x2c, 0x01, 0x06, 0x2e, 0x36, 0x1f, 0x09, 
	0x09, 0x09, 0x09, 0x09, 0x07, 0x01, 0x01, 0x00, 
	0x00, 0x01, 0x01, 0x06, 0x16, 0x09, 0x09, 0x09, 
	0x09, 0x09, 0x09, 0x09, 0x09, 0x09, 0x09, 0x09, 
	0x1f, 0x31, 0x2d, 0x01, 0x3b, 0x07, 0x19, 0x29, 
	0x09, 0x09, 0x09, 0x0c, 0x0a, 0x01, 0x01, 0x00, 
	0x00, 0x00, 0x01, 0x01, 0x2a, 0x09, 0x09, 0x09, 
	0x09, 0x1f, 0x09, 0x14, 0x09, 0x1f, 0x09, 0x1f, 
	0x36, 0x3c, 0x1b, 0x01, 0x01, 0x01, 0x06, 0x1d, 
	0x15, 0x09, 0x09, 0x2a, 0x01, 0x01, 0x00, 0x00, 
	0x00, 0x00, 0x01, 0x01, 0x01, 0x0d, 0x09, 0x09, 
	0x09, 0x09, 0x09, 0x09, 0x09, 0x09, 0x09, 0x09, 
	0x38, 0x27, 0x01, 0x01, 0x01, 0x01, 0x01, 0x18, 
	0x29, 0x09, 0x0e, 0x01, 0x01, 0x01, 0x00, 0x00, 
	0x00, 0x00, 0x00, 0x01, 0x01, 0x01, 0x0f, 0x09, 
	0x09, 0x09, 0x09, 0x09, 0x09, 0x09, 0x09, 0x09, 
	0x38, 0x1e, 0x01, 0x0a, 0x27, 0x3b, 0x2a, 0x31, 
	0x09, 0x10, 0x01, 0x01, 0x01, 0x00, 0x00, 0x00, 
	0x00, 0x00, 0x00, 0x00, 0x01, 0x01, 0x01, 0x0d, 
	0x09, 0x09, 0x09, 0x14, 0x09, 0x09, 0x09, 0x09, 
	0x1f, 0x13, 0x27, 0x1e, 0x35, 0x21, 0x21, 0x1f, 
	0x0e, 0x01, 0x01, 0x01, 0x00, 0x00, 0x00, 0x00, 
	0x00, 0x00, 0x00, 0x00, 0x00, 0x01, 0x01, 0x01, 
	0x2a, 0x0c, 0x09, 0x09, 0x09, 0x09, 0x09, 0x09, 
	0x09, 0x09, 0x11, 0x31, 0x14, 0x09, 0x0c, 0x2a, 
	0x01, 0x01, 0x01, 0x00, 0x00, 0x00, 0x00, 0x00, 
	0x00, 0x00, 0x00, 0x00, 0x00, 0x00, 0x01, 0x01, 
	0x01, 0x0a, 0x07, 0x08, 0x09, 0x09, 0x09, 0x09, 
	0x09, 0x09, 0x09, 0x09, 0x08, 0x07, 0x0a, 0x01, 
	0x01, 0x01, 0x00, 0x00, 0x00, 0x00, 0x00, 0x00, 
	0x00, 0x00, 0x00, 0x00, 0x00, 0x00, 0x00, 0x01, 
	0x01, 0x01, 0x01, 0x01, 0x02, 0x0b, 0x22, 0x05, 
	0x05, 0x22, 0x2a, 0x02, 0x01, 0x01, 0x01, 0x01, 
	0x01, 0x00, 0x00, 0x00, 0x00, 0x00, 0x00, 0x00, 
	0x00, 0x00, 0x00, 0x00, 0x00, 0x00, 0x00, 0x00, 
	0x00, 0x01, 0x01, 0x01, 0x01, 0x01, 0x01, 0x01, 
	0x01, 0x01, 0x01, 0x01, 0x01, 0x01, 0x01, 0x00, 
	0x00, 0x00, 0x00, 0x00, 0x00, 0x00, 0x00, 0x00, 
	0x00, 0x00, 0x00, 0x00, 0x00, 0x00, 0x00, 0x00, 
	0x00, 0x00, 0x00, 0x00, 0x01, 0x01, 0x01, 0x01, 
	0x01, 0x01, 0x01, 0x01, 0x00, 0x00, 0x00, 0x00, 
	0x00, 0x00, 0x00, 0x00, 0x00, 0x00, 0x00, 0x00, 
	
};

Gfx b21_b21_ci8_pal_rgba16_aligner[] = {gsSPEndDisplayList()};
u8 b21_b21_ci8_pal_rgba16[] = {
	0x04, 0x70, 0x04, 0x71, 0x1c, 0xf3, 0x3d, 0x75, 
	0x55, 0xb7, 0x65, 0xf7, 0x0c, 0xb1, 0x4d, 0x75, 
	0xae, 0xfb, 0xff, 0xff, 0x04, 0xb1, 0x3d, 0x35, 
	0xc7, 0x3d, 0x76, 0x37, 0x6d, 0xf7, 0x86, 0x79, 
	0x86, 0x39, 0xdf, 0x7d, 0xae, 0xbb, 0xa6, 0xb9, 
	0xf7, 0xbf, 0xef, 0xbf, 0xcf, 0x3d, 0xe7, 0x7d, 
	0x5d, 0xb5, 0x96, 0x79, 0xbf, 0x3b, 0x14, 0xb1, 
	0x45, 0x75, 0x86, 0x37, 0x2c, 0xf3, 0xf7, 0xff, 
	0xb6, 0xfb, 0xd7, 0x7d, 0x55, 0xb5, 0x0c, 0x71, 
	0x55, 0x75, 0xef, 0xbd, 0x24, 0xf3, 0x35, 0x33, 
	0x8e, 0x79, 0xe7, 0xbd, 0x3d, 0x33, 0x5d, 0xb7, 
	0x65, 0xb5, 0x1c, 0xb1, 0x7e, 0x37, 0xc7, 0x3b, 
	0x8e, 0x77, 0xbe, 0xfb, 0x45, 0x33, 0xd7, 0x3b, 
	0xae, 0xf9, 0xae, 0xb9, 0xf7, 0xbd, 0x45, 0x73, 
	0xcf, 0x3b, 0x2d, 0x33, 0x4d, 0xb5, 0x1c, 0xf1, 
	0x9e, 0x79, 
};

Gfx mat_b21_f3d_material[] = {
	gsDPPipeSync(),
	gsDPSetCombineLERP(0, 0, 0, TEXEL0, 0, 0, 0, TEXEL0, 0, 0, 0, TEXEL0, 0, 0, 0, TEXEL0),
	gsSPClearGeometryMode(G_CULL_BACK),
	gsSPSetGeometryMode(G_LIGHTING),
	gsSPTexture(65535, 65535, 0, 0, 1),
	gsDPSetTextureLUT(G_TT_RGBA16),
	gsDPSetTextureImage(G_IM_FMT_RGBA, G_IM_SIZ_16b, 1, b21_b21_ci8_pal_rgba16),
	gsDPTileSync(),
	gsDPSetTile(0, 0, 0, 256, 7, 0, G_TX_WRAP | G_TX_NOMIRROR, 0, 0, G_TX_WRAP | G_TX_NOMIRROR, 0, 0),
	gsDPLoadSync(),
	gsDPLoadTLUTCmd(7, 60),
	gsDPPipeSync(),
	gsDPTileSync(),
	gsDPSetTextureImage(G_IM_FMT_CI, G_IM_SIZ_8b_LOAD_BLOCK, 1, b21_b21_ci8),
	gsDPSetTile(G_IM_FMT_CI, G_IM_SIZ_8b_LOAD_BLOCK, 0, 0, 7, 0, G_TX_CLAMP | G_TX_NOMIRROR, 5, 0, G_TX_CLAMP | G_TX_NOMIRROR, 5, 0),
	gsDPLoadSync(),
	gsDPLoadBlock(7, 0, 0, 511, 512),
	gsDPPipeSync(),
	gsDPSetTile(G_IM_FMT_CI, G_IM_SIZ_8b, 4, 0, 0, 0, G_TX_CLAMP | G_TX_NOMIRROR, 5, 0, G_TX_CLAMP | G_TX_NOMIRROR, 5, 0),
	gsDPSetTileSize(0, 0, 0, 124, 124),
    gsSPLightColor(LIGHT_1, 0xfefefeff),
    gsSPLightColor(LIGHT_2, 0x7f7f7fff),
	gsSPEndDisplayList(),
};

Gfx b21_Plane_001_mesh[] = {
	gsSPDisplayList(mat_b21_f3d_material),
	gsSPDisplayList(badge_textures_mesh_tri_0),
	gsSPDisplayList(badge_textures_mat_revert),
	gsDPPipeSync(),
	gsSPSetGeometryMode(G_LIGHTING),
	gsSPClearGeometryMode(G_TEXTURE_GEN),
	gsDPSetCombineLERP(0, 0, 0, SHADE, 0, 0, 0, ENVIRONMENT, 0, 0, 0, SHADE, 0, 0, 0, ENVIRONMENT),
	gsSPTexture(65535, 65535, 0, 0, 0),
	gsSPEndDisplayList(),
};

// ---- b22 ----
Gfx b22_b22_ci8_aligner[] = {gsSPEndDisplayList()};
u8 b22_b22_ci8[] = {
	0x00, 0x00, 0x00, 0x00, 0x00, 0x00, 0x00, 0x00, 
	0x00, 0x00, 0x00, 0x00, 0x01, 0x01, 0x01, 0x01, 
	0x01, 0x01, 0x01, 0x01, 0x00, 0x00, 0x00, 0x00, 
	0x00, 0x00, 0x00, 0x00, 0x00, 0x00, 0x00, 0x00, 
	0x00, 0x00, 0x00, 0x00, 0x00, 0x00, 0x00, 0x00, 
	0x00, 0x01, 0x01, 0x01, 0x01, 0x01, 0x01, 0x01, 
	0x01, 0x01, 0x01, 0x01, 0x01, 0x01, 0x01, 0x00, 
	0x00, 0x00, 0x00, 0x00, 0x00, 0x00, 0x00, 0x00, 
	0x00, 0x00, 0x00, 0x00, 0x00, 0x00, 0x00, 0x01, 
	0x01, 0x01, 0x01, 0x01, 0x02, 0x03, 0x04, 0x05, 
	0x05, 0x04, 0x03, 0x06, 0x01, 0x01, 0x01, 0x01, 
	0x01, 0x00, 0x00, 0x00, 0x00, 0x00, 0x00, 0x00, 
	0x00, 0x00, 0x00, 0x00, 0x00, 0x00, 0x01, 0x01, 
	0x01, 0x07, 0x08, 0x09, 0x0a, 0x0a, 0x0a, 0x0a, 
	0x0a, 0x0a, 0x0a, 0x0a, 0x09, 0x0b, 0x07, 0x01, 
	0x01, 0x01, 0x00, 0x00, 0x00, 0x00, 0x00, 0x00, 
	0x00, 0x00, 0x00, 0x00, 0x00, 0x01, 0x01, 0x01, 
	0x03, 0x0c, 0x0a, 0x0a, 0x0a, 0x0a, 0x0a, 0x0a, 
	0x0a, 0x0a, 0x0a, 0x0a, 0x0a, 0x0a, 0x0c, 0x03, 
	0x01, 0x01, 0x01, 0x00, 0x00, 0x00, 0x00, 0x00, 
	0x00, 0x00, 0x00, 0x00, 0x01, 0x01, 0x01, 0x0d, 
	0x0a, 0x0a, 0x0a, 0x0a, 0x0a, 0x0a, 0x0a, 0x0a, 
	0x0a, 0x0a, 0x0a, 0x0a, 0x0a, 0x0a, 0x0a, 0x0a, 
	0x0e, 0x01, 0x01, 0x01, 0x00, 0x00, 0x00, 0x00, 
	0x00, 0x00, 0x00, 0x01, 0x01, 0x01, 0x0f, 0x0a, 
	0x10, 0x11, 0x01, 0x01, 0x01, 0x01, 0x01, 0x01, 
	0x01, 0x01, 0x01, 0x01, 0x01, 0x01, 0x11, 0x10, 
	0x0a, 0x12, 0x01, 0x01, 0x01, 0x00, 0x00, 0x00, 
	0x00, 0x00, 0x01, 0x01, 0x01, 0x0d, 0x0a, 0x0a, 
	0x10, 0x13, 0x01, 0x01, 0x01, 0x01, 0x01, 0x01, 
	0x01, 0x01, 0x01, 0x01, 0x01, 0x01, 0x13, 0x10, 
	0x0a, 0x0a, 0x0e, 0x01, 0x01, 0x01, 0x00, 0x00, 
	0x00, 0x00, 0x01, 0x01, 0x03, 0x0a, 0x0a, 0x0a, 
	0x10, 0x11, 0x01, 0x01, 0x07, 0x13, 0x01, 0x01, 
	0x01, 0x01, 0x13, 0x07, 0x01, 0x01, 0x11, 0x10, 
	0x0a, 0x0a, 0x0a, 0x03, 0x01, 0x01, 0x00, 0x00, 
	0x00, 0x01, 0x01, 0x07, 0x14, 0x0a, 0x0a, 0x0a, 
	0x0a, 0x0c, 0x15, 0x02, 0x16, 0x17, 0x18, 0x02, 
	0x02, 0x18, 0x17, 0x16, 0x02, 0x02, 0x14, 0x0a, 
	0x0a, 0x0a, 0x0a, 0x0c, 0x19, 0x01, 0x01, 0x00, 
	0x00, 0x01, 0x01, 0x08, 0x0a, 0x0a, 0x0a, 0x0a, 
	0x0a, 0x0a, 0x10, 0x10, 0x0a, 0x0a, 0x10, 0x17, 
	0x1a, 0x10, 0x0a, 0x10, 0x10, 0x10, 0x0a, 0x0a, 
	0x10, 0x14, 0x0a, 0x0a, 0x0b, 0x01, 0x01, 0x00, 
	0x00, 0x01, 0x01, 0x17, 0x0a, 0x0a, 0x0a, 0x0a, 
	0x0a, 0x0a, 0x1b, 0x0a, 0x0a, 0x0a, 0x0a, 0x1c, 
	0x1a, 0x0a, 0x0a, 0x0a, 0x0a, 0x0a, 0x0a, 0x0a, 
	0x12, 0x05, 0x0a, 0x0a, 0x1d, 0x01, 0x01, 0x00, 
	0x01, 0x01, 0x02, 0x0a, 0x0a, 0x0a, 0x0a, 0x0a, 
	0x0a, 0x16, 0x1e, 0x0a, 0x0a, 0x0a, 0x0a, 0x16, 
	0x1a, 0x0a, 0x0a, 0x0a, 0x0a, 0x0a, 0x0a, 0x0a, 
	0x1a, 0x12, 0x0a, 0x0a, 0x0a, 0x13, 0x01, 0x01, 
	0x01, 0x01, 0x18, 0x0a, 0x0a, 0x0a, 0x0a, 0x0a, 
	0x0a, 0x10, 0x1f, 0x14, 0x0a, 0x0a, 0x0a, 0x12, 
	0x1e, 0x0a, 0x0a, 0x0a, 0x0a, 0x0a, 0x0a, 0x0a, 
	0x14, 0x15, 0x04, 0x0a, 0x0a, 0x03, 0x01, 0x01, 
	0x01, 0x01, 0x1e, 0x0a, 0x0a, 0x0a, 0x0a, 0x0a, 
	0x0a, 0x10, 0x08, 0x11, 0x0a, 0x0a, 0x0a, 0x10, 
	0x15, 0x10, 0x0a, 0x17, 0x16, 0x1d, 0x0c, 0x0a, 
	0x0a, 0x10, 0x02, 0x10, 0x0a, 0x04, 0x01, 0x01, 
	0x01, 0x01, 0x05, 0x0a, 0x0a, 0x0a, 0x0a, 0x0a, 
	0x0a, 0x20, 0x08, 0x14, 0x0a, 0x0a, 0x0a, 0x0a, 
	0x04, 0x1e, 0x16, 0x19, 0x01, 0x01, 0x13, 0x05, 
	0x17, 0x0a, 0x10, 0x0a, 0x0a, 0x05, 0x01, 0x01, 
	0x01, 0x01, 0x05, 0x0a, 0x0a, 0x0a, 0x0a, 0x0a, 
	0x0a, 0x0a, 0x0a, 0x0a, 0x21, 0x0a, 0x0a, 0x0a, 
	0x1d, 0x08, 0x15, 0x01, 0x01, 0x01, 0x01, 0x22, 
	0x08, 0x1d, 0x10, 0x0a, 0x0a, 0x05, 0x01, 0x01, 
	0x01, 0x01, 0x1e, 0x0a, 0x0a, 0x0a, 0x0a, 0x0a, 
	0x0a, 0x10, 0x04, 0x07, 0x01, 0x15, 0x10, 0x0a, 
	0x14, 0x03, 0x22, 0x01, 0x01, 0x01, 0x01, 0x01, 
	0x13, 0x1f, 0x1d, 0x0a, 0x0a, 0x04, 0x01, 0x01, 
	0x01, 0x01, 0x18, 0x0a, 0x0a, 0x0a, 0x0a, 0x0a, 
	0x14, 0x0d, 0x02, 0x01, 0x01, 0x01, 0x15, 0x0a, 
	0x0a, 0x11, 0x15, 0x01, 0x01, 0x01, 0x01, 0x01, 
	0x01, 0x01, 0x05, 0x0a, 0x0a, 0x03, 0x01, 0x01, 
	0x01, 0x01, 0x02, 0x0a, 0x0a, 0x0a, 0x0a, 0x10, 
	0x0e, 0x02, 0x01, 0x01, 0x01, 0x01, 0x01, 0x16, 
	0x0a, 0x03, 0x16, 0x01, 0x01, 0x01, 0x01, 0x01, 
	0x01, 0x01, 0x18, 0x10, 0x0a, 0x13, 0x01, 0x01, 
	0x00, 0x01, 0x01, 0x17, 0x0a, 0x0a, 0x10, 0x0f, 
	0x02, 0x01, 0x01, 0x01, 0x01, 0x01, 0x01, 0x11, 
	0x0a, 0x1f, 0x1d, 0x1d, 0x13, 0x01, 0x01, 0x01, 
	0x02, 0x08, 0x23, 0x10, 0x1d, 0x01, 0x01, 0x00, 
	0x00, 0x01, 0x01, 0x08, 0x0a, 0x0a, 0x0c, 0x11, 
	0x01, 0x01, 0x01, 0x01, 0x01, 0x01, 0x01, 0x15, 
	0x0a, 0x16, 0x11, 0x1d, 0x14, 0x0b, 0x23, 0x14, 
	0x14, 0x14, 0x10, 0x0a, 0x0b, 0x01, 0x01, 0x00, 
	0x00, 0x01, 0x01, 0x07, 0x14, 0x0a, 0x1d, 0x11, 
	0x01, 0x01, 0x01, 0x01, 0x01, 0x01, 0x18, 0x0c, 
	0x0a, 0x0a, 0x03, 0x02, 0x0a, 0x0a, 0x10, 0x0a, 
	0x0a, 0x0a, 0x0a, 0x0c, 0x19, 0x01, 0x01, 0x00, 
	0x00, 0x00, 0x01, 0x01, 0x03, 0x0a, 0x10, 0x12, 
	0x15, 0x06, 0x01, 0x07, 0x13, 0x04, 0x0c, 0x0a, 
	0x0a, 0x0a, 0x0c, 0x15, 0x24, 0x0a, 0x0a, 0x0a, 
	0x0a, 0x0a, 0x0a, 0x03, 0x01, 0x01, 0x00, 0x00, 
	0x00, 0x00, 0x01, 0x01, 0x01, 0x0d, 0x0a, 0x10, 
	0x17, 0x23, 0x0d, 0x0d, 0x0c, 0x0a, 0x0a, 0x0a, 
	0x0a, 0x0a, 0x17, 0x06, 0x10, 0x0a, 0x0a, 0x0a, 
	0x0a, 0x0a, 0x05, 0x01, 0x01, 0x01, 0x00, 0x00, 
	0x00, 0x00, 0x00, 0x01, 0x01, 0x01, 0x0f, 0x0a, 
	0x0a, 0x0a, 0x10, 0x0a, 0x0a, 0x0a, 0x0a, 0x0a, 
	0x0a, 0x0a, 0x04, 0x03, 0x0a, 0x0a, 0x0a, 0x0a, 
	0x0a, 0x12, 0x01, 0x01, 0x01, 0x00, 0x00, 0x00, 
	0x00, 0x00, 0x00, 0x00, 0x01, 0x01, 0x01, 0x0d, 
	0x0a, 0x0a, 0x0a, 0x0a, 0x0a, 0x0a, 0x0a, 0x0a, 
	0x0a, 0x0a, 0x08, 0x23, 0x0a, 0x0a, 0x0a, 0x0a, 
	0x05, 0x01, 0x01, 0x01, 0x00, 0x00, 0x00, 0x00, 
	0x00, 0x00, 0x00, 0x00, 0x00, 0x01, 0x01, 0x01, 
	0x03, 0x0c, 0x0a, 0x0a, 0x0a, 0x0a, 0x0a, 0x0a, 
	0x0a, 0x0a, 0x21, 0x1d, 0x0a, 0x0a, 0x0c, 0x03, 
	0x01, 0x01, 0x01, 0x00, 0x00, 0x00, 0x00, 0x00, 
	0x00, 0x00, 0x00, 0x00, 0x00, 0x00, 0x01, 0x01, 
	0x01, 0x19, 0x0b, 0x09, 0x0a, 0x0a, 0x0a, 0x0a, 
	0x0a, 0x0a, 0x0a, 0x0a, 0x1d, 0x0b, 0x19, 0x01, 
	0x01, 0x01, 0x00, 0x00, 0x00, 0x00, 0x00, 0x00, 
	0x00, 0x00, 0x00, 0x00, 0x00, 0x00, 0x00, 0x01, 
	0x01, 0x01, 0x01, 0x01, 0x13, 0x03, 0x04, 0x05, 
	0x05, 0x04, 0x03, 0x13, 0x01, 0x01, 0x01, 0x01, 
	0x01, 0x00, 0x00, 0x00, 0x00, 0x00, 0x00, 0x00, 
	0x00, 0x00, 0x00, 0x00, 0x00, 0x00, 0x00, 0x00, 
	0x00, 0x01, 0x01, 0x01, 0x01, 0x01, 0x01, 0x01, 
	0x01, 0x01, 0x01, 0x01, 0x01, 0x01, 0x01, 0x00, 
	0x00, 0x00, 0x00, 0x00, 0x00, 0x00, 0x00, 0x00, 
	0x00, 0x00, 0x00, 0x00, 0x00, 0x00, 0x00, 0x00, 
	0x00, 0x00, 0x00, 0x00, 0x01, 0x01, 0x01, 0x01, 
	0x01, 0x01, 0x01, 0x01, 0x00, 0x00, 0x00, 0x00, 
	0x00, 0x00, 0x00, 0x00, 0x00, 0x00, 0x00, 0x00, 
	
};

Gfx b22_b22_ci8_pal_rgba16_aligner[] = {gsSPEndDisplayList()};
u8 b22_b22_ci8_pal_rgba16[] = {
	0x83, 0xe0, 0x83, 0xe1, 0x8c, 0x65, 0x9c, 0xa7, 
	0xa5, 0x29, 0xad, 0x6b, 0x8c, 0x63, 0x84, 0x23, 
	0xa4, 0xe9, 0xc6, 0x33, 0xe7, 0x39, 0x9c, 0xe9, 
	0xd6, 0x75, 0xb5, 0x6d, 0xad, 0x6d, 0xb5, 0xaf, 
	0xde, 0xf7, 0x94, 0xa5, 0xb5, 0xad, 0x8c, 0x23, 
	0xd6, 0xb5, 0x94, 0x65, 0xbd, 0xef, 0xce, 0x73, 
	0x9c, 0xe7, 0x84, 0x21, 0xad, 0x2b, 0xde, 0xf9, 
	0xce, 0x33, 0xc6, 0x31, 0xa5, 0x2b, 0x94, 0xa7, 
	0xc5, 0xf1, 0xce, 0x75, 0x7b, 0xe1, 0xbd, 0xaf, 
	0xd6, 0xb7, 
};

Gfx mat_b22_f3d_material[] = {
	gsDPPipeSync(),
	gsDPSetCombineLERP(0, 0, 0, TEXEL0, 0, 0, 0, TEXEL0, 0, 0, 0, TEXEL0, 0, 0, 0, TEXEL0),
	gsSPClearGeometryMode(G_CULL_BACK),
	gsSPSetGeometryMode(G_LIGHTING),
	gsSPTexture(65535, 65535, 0, 0, 1),
	gsDPSetTextureLUT(G_TT_RGBA16),
	gsDPSetTextureImage(G_IM_FMT_RGBA, G_IM_SIZ_16b, 1, b22_b22_ci8_pal_rgba16),
	gsDPTileSync(),
	gsDPSetTile(0, 0, 0, 256, 7, 0, G_TX_WRAP | G_TX_NOMIRROR, 0, 0, G_TX_WRAP | G_TX_NOMIRROR, 0, 0),
	gsDPLoadSync(),
	gsDPLoadTLUTCmd(7, 36),
	gsDPPipeSync(),
	gsDPTileSync(),
	gsDPSetTextureImage(G_IM_FMT_CI, G_IM_SIZ_8b_LOAD_BLOCK, 1, b22_b22_ci8),
	gsDPSetTile(G_IM_FMT_CI, G_IM_SIZ_8b_LOAD_BLOCK, 0, 0, 7, 0, G_TX_CLAMP | G_TX_NOMIRROR, 5, 0, G_TX_CLAMP | G_TX_NOMIRROR, 5, 0),
	gsDPLoadSync(),
	gsDPLoadBlock(7, 0, 0, 511, 512),
	gsDPPipeSync(),
	gsDPSetTile(G_IM_FMT_CI, G_IM_SIZ_8b, 4, 0, 0, 0, G_TX_CLAMP | G_TX_NOMIRROR, 5, 0, G_TX_CLAMP | G_TX_NOMIRROR, 5, 0),
	gsDPSetTileSize(0, 0, 0, 124, 124),
    gsSPLightColor(LIGHT_1, 0xfefefeff),
    gsSPLightColor(LIGHT_2, 0x7f7f7fff),
	gsSPEndDisplayList(),
};

Gfx b22_Plane_001_mesh[] = {
	gsSPDisplayList(mat_b22_f3d_material),
	gsSPDisplayList(badge_textures_mesh_tri_0),
	gsSPDisplayList(badge_textures_mat_revert),
	gsDPPipeSync(),
	gsSPSetGeometryMode(G_LIGHTING),
	gsSPClearGeometryMode(G_TEXTURE_GEN),
	gsDPSetCombineLERP(0, 0, 0, SHADE, 0, 0, 0, ENVIRONMENT, 0, 0, 0, SHADE, 0, 0, 0, ENVIRONMENT),
	gsSPTexture(65535, 65535, 0, 0, 0),
	gsSPEndDisplayList(),
};

// ---- b23 ----
Gfx b23_b23_ci8_aligner[] = {gsSPEndDisplayList()};
u8 b23_b23_ci8[] = {
	0x00, 0x00, 0x00, 0x00, 0x00, 0x00, 0x00, 0x00, 
	0x00, 0x00, 0x01, 0x02, 0x03, 0x04, 0x05, 0x06, 
	0x06, 0x05, 0x04, 0x03, 0x02, 0x01, 0x00, 0x00, 
	0x00, 0x00, 0x00, 0x00, 0x00, 0x00, 0x00, 0x00, 
	0x00, 0x00, 0x00, 0x00, 0x00, 0x00, 0x00, 0x00, 
	0x07, 0x08, 0x06, 0x09, 0x09, 0x09, 0x09, 0x09, 
	0x09, 0x09, 0x09, 0x09, 0x09, 0x06, 0x03, 0x0a, 
	0x00, 0x00, 0x00, 0x00, 0x00, 0x00, 0x00, 0x00, 
	0x00, 0x00, 0x00, 0x00, 0x00, 0x00, 0x01, 0x0b, 
	0x0c, 0x09, 0x09, 0x09, 0x0d, 0x0e, 0x0f, 0x10, 
	0x10, 0x0f, 0x0e, 0x0d, 0x09, 0x09, 0x09, 0x06, 
	0x0b, 0x01, 0x00, 0x00, 0x00, 0x00, 0x00, 0x00, 
	0x00, 0x00, 0x00, 0x00, 0x00, 0x07, 0x11, 0x09, 
	0x09, 0x12, 0x13, 0x14, 0x15, 0x15, 0x15, 0x15, 
	0x15, 0x15, 0x15, 0x15, 0x16, 0x13, 0x17, 0x09, 
	0x09, 0x11, 0x0a, 0x00, 0x00, 0x00, 0x00, 0x00, 
	0x00, 0x00, 0x00, 0x00, 0x18, 0x05, 0x09, 0x09, 
	0x0e, 0x19, 0x15, 0x15, 0x1a, 0x1a, 0x1a, 0x1a, 
	0x1a, 0x1a, 0x1a, 0x1a, 0x15, 0x15, 0x1b, 0x0e, 
	0x09, 0x09, 0x05, 0x07, 0x00, 0x00, 0x00, 0x00, 
	0x00, 0x00, 0x00, 0x07, 0x1c, 0x09, 0x09, 0x1d, 
	0x15, 0x15, 0x1a, 0x1e, 0x1f, 0x20, 0x20, 0x20, 
	0x20, 0x20, 0x20, 0x1f, 0x1e, 0x1a, 0x15, 0x15, 
	0x1d, 0x09, 0x09, 0x05, 0x0a, 0x00, 0x00, 0x00, 
	0x00, 0x00, 0x01, 0x11, 0x09, 0x09, 0x21, 0x15, 
	0x15, 0x22, 0x1f, 0x20, 0x11, 0x04, 0x11, 0x11, 
	0x11, 0x11, 0x11, 0x11, 0x20, 0x1f, 0x23, 0x15, 
	0x15, 0x21, 0x09, 0x09, 0x11, 0x01, 0x00, 0x00, 
	0x00, 0x00, 0x24, 0x09, 0x09, 0x1d, 0x15, 0x15, 
	0x22, 0x1f, 0x11, 0x11, 0x11, 0x11, 0x11, 0x11, 
	0x11, 0x11, 0x11, 0x11, 0x11, 0x11, 0x1f, 0x1e, 
	0x15, 0x15, 0x1d, 0x09, 0x25, 0x0b, 0x00, 0x00, 
	0x00, 0x07, 0x0c, 0x09, 0x0e, 0x15, 0x15, 0x22, 
	0x1f, 0x11, 0x11, 0x11, 0x11, 0x11, 0x11, 0x11, 
	0x11, 0x11, 0x11, 0x11, 0x11, 0x11, 0x11, 0x1f, 
	0x22, 0x15, 0x15, 0x0e, 0x25, 0x06, 0x0a, 0x00, 
	0x00, 0x08, 0x09, 0x12, 0x19, 0x15, 0x1a, 0x1f, 
	0x11, 0x11, 0x11, 0x11, 0x11, 0x11, 0x11, 0x11, 
	0x11, 0x11, 0x11, 0x11, 0x11, 0x11, 0x11, 0x11, 
	0x1f, 0x1a, 0x15, 0x1b, 0x17, 0x25, 0x03, 0x00, 
	0x01, 0x06, 0x09, 0x26, 0x15, 0x15, 0x1a, 0x27, 
	0x04, 0x28, 0x29, 0x28, 0x11, 0x2a, 0x11, 0x11, 
	0x11, 0x11, 0x2b, 0x2c, 0x2d, 0x2e, 0x11, 0x04, 
	0x27, 0x1a, 0x15, 0x15, 0x13, 0x25, 0x06, 0x01, 
	0x02, 0x09, 0x09, 0x2f, 0x15, 0x15, 0x1e, 0x27, 
	0x28, 0x30, 0x31, 0x28, 0x11, 0x2a, 0x11, 0x11, 
	0x11, 0x2b, 0x32, 0x33, 0x19, 0x34, 0x35, 0x11, 
	0x20, 0x1e, 0x15, 0x15, 0x16, 0x09, 0x25, 0x02, 
	0x08, 0x09, 0x36, 0x15, 0x15, 0x1a, 0x1f, 0x11, 
	0x37, 0x19, 0x38, 0x31, 0x39, 0x11, 0x11, 0x11, 
	0x11, 0x2e, 0x34, 0x15, 0x15, 0x3a, 0x3b, 0x2a, 
	0x2a, 0x1f, 0x1a, 0x15, 0x15, 0x0d, 0x25, 0x03, 
	0x04, 0x09, 0x0e, 0x15, 0x15, 0x1a, 0x27, 0x11, 
	0x3c, 0x3d, 0x15, 0x1a, 0x3e, 0x28, 0x11, 0x11, 
	0x11, 0x3f, 0x16, 0x15, 0x15, 0x15, 0x1b, 0x35, 
	0x11, 0x20, 0x38, 0x15, 0x15, 0x0e, 0x25, 0x04, 
	0x1c, 0x09, 0x0f, 0x15, 0x15, 0x1a, 0x20, 0x11, 
	0x40, 0x3d, 0x15, 0x15, 0x1a, 0x41, 0x28, 0x11, 
	0x11, 0x3f, 0x42, 0x15, 0x43, 0x15, 0x1b, 0x44, 
	0x11, 0x20, 0x38, 0x15, 0x15, 0x45, 0x25, 0x46, 
	0x09, 0x09, 0x1d, 0x15, 0x15, 0x1a, 0x20, 0x11, 
	0x47, 0x48, 0x3a, 0x3a, 0x1a, 0x49, 0x2a, 0x11, 
	0x11, 0x2b, 0x4a, 0x4b, 0x1a, 0x3d, 0x4c, 0x28, 
	0x11, 0x20, 0x38, 0x15, 0x15, 0x10, 0x25, 0x06, 
	0x09, 0x09, 0x1d, 0x15, 0x15, 0x1a, 0x20, 0x11, 
	0x11, 0x20, 0x41, 0x4d, 0x40, 0x4e, 0x11, 0x11, 
	0x11, 0x11, 0x4e, 0x4f, 0x50, 0x40, 0x28, 0x11, 
	0x11, 0x20, 0x38, 0x15, 0x15, 0x10, 0x25, 0x06, 
	0x1c, 0x09, 0x0f, 0x15, 0x15, 0x1a, 0x27, 0x11, 
	0x11, 0x11, 0x11, 0x11, 0x11, 0x11, 0x11, 0x11, 
	0x11, 0x11, 0x11, 0x11, 0x11, 0x11, 0x11, 0x11, 
	0x11, 0x27, 0x38, 0x15, 0x15, 0x45, 0x25, 0x46, 
	0x11, 0x09, 0x0e, 0x15, 0x15, 0x1a, 0x1f, 0x11, 
	0x11, 0x11, 0x11, 0x11, 0x11, 0x11, 0x4e, 0x51, 
	0x30, 0x27, 0x11, 0x11, 0x11, 0x11, 0x11, 0x11, 
	0x11, 0x1f, 0x1a, 0x15, 0x15, 0x0e, 0x25, 0x04, 
	0x08, 0x09, 0x36, 0x15, 0x15, 0x15, 0x1e, 0x27, 
	0x11, 0x11, 0x11, 0x11, 0x11, 0x11, 0x52, 0x19, 
	0x4b, 0x4d, 0x47, 0x11, 0x11, 0x11, 0x11, 0x11, 
	0x27, 0x1e, 0x15, 0x15, 0x15, 0x0d, 0x25, 0x03, 
	0x02, 0x09, 0x09, 0x2f, 0x15, 0x15, 0x1a, 0x1f, 
	0x11, 0x11, 0x11, 0x11, 0x11, 0x11, 0x2e, 0x3c, 
	0x49, 0x44, 0x11, 0x11, 0x11, 0x11, 0x11, 0x11, 
	0x1f, 0x1a, 0x15, 0x15, 0x16, 0x09, 0x25, 0x02, 
	0x01, 0x06, 0x09, 0x53, 0x15, 0x15, 0x15, 0x22, 
	0x1f, 0x11, 0x04, 0x11, 0x11, 0x11, 0x11, 0x11, 
	0x11, 0x11, 0x11, 0x11, 0x11, 0x04, 0x11, 0x1f, 
	0x22, 0x15, 0x15, 0x15, 0x13, 0x25, 0x06, 0x01, 
	0x00, 0x03, 0x25, 0x12, 0x19, 0x15, 0x15, 0x15, 
	0x1e, 0x1f, 0x11, 0x11, 0x28, 0x54, 0x47, 0x11, 
	0x11, 0x28, 0x47, 0x11, 0x11, 0x11, 0x1f, 0x1e, 
	0x15, 0x15, 0x15, 0x55, 0x17, 0x25, 0x03, 0x00, 
	0x00, 0x07, 0x06, 0x25, 0x0e, 0x15, 0x15, 0x15, 
	0x15, 0x1e, 0x56, 0x11, 0x57, 0x58, 0x59, 0x47, 
	0x47, 0x51, 0x50, 0x47, 0x11, 0x56, 0x1e, 0x15, 
	0x15, 0x15, 0x15, 0x0e, 0x25, 0x06, 0x0a, 0x00, 
	0x00, 0x00, 0x24, 0x25, 0x09, 0x1d, 0x15, 0x15, 
	0x15, 0x3d, 0x27, 0x11, 0x5a, 0x5b, 0x5c, 0x57, 
	0x57, 0x5d, 0x5e, 0x5f, 0x11, 0x27, 0x3d, 0x15, 
	0x15, 0x15, 0x1d, 0x25, 0x25, 0x0b, 0x00, 0x00, 
	0x00, 0x00, 0x01, 0x11, 0x25, 0x09, 0x21, 0x15, 
	0x15, 0x3d, 0x27, 0x11, 0x60, 0x61, 0x5d, 0x57, 
	0x62, 0x63, 0x5b, 0x5f, 0x11, 0x27, 0x3d, 0x15, 
	0x15, 0x21, 0x09, 0x25, 0x11, 0x01, 0x00, 0x00, 
	0x00, 0x00, 0x00, 0x07, 0x46, 0x25, 0x09, 0x1d, 
	0x15, 0x64, 0x65, 0x11, 0x60, 0x61, 0x66, 0x67, 
	0x68, 0x63, 0x5b, 0x5f, 0x11, 0x65, 0x1a, 0x15, 
	0x1d, 0x09, 0x25, 0x46, 0x0a, 0x00, 0x00, 0x00, 
	0x00, 0x00, 0x00, 0x00, 0x18, 0x46, 0x25, 0x25, 
	0x0e, 0x1b, 0x1a, 0x15, 0x15, 0x15, 0x15, 0x15, 
	0x15, 0x15, 0x15, 0x15, 0x15, 0x1a, 0x1b, 0x0e, 
	0x25, 0x25, 0x46, 0x18, 0x00, 0x00, 0x00, 0x00, 
	0x00, 0x00, 0x00, 0x00, 0x00, 0x07, 0x11, 0x25, 
	0x25, 0x17, 0x13, 0x14, 0x15, 0x15, 0x15, 0x15, 
	0x15, 0x15, 0x15, 0x15, 0x16, 0x13, 0x17, 0x25, 
	0x25, 0x11, 0x0a, 0x00, 0x00, 0x00, 0x00, 0x00, 
	0x00, 0x00, 0x00, 0x00, 0x00, 0x00, 0x01, 0x0b, 
	0x06, 0x25, 0x25, 0x09, 0x0d, 0x0e, 0x45, 0x10, 
	0x10, 0x45, 0x0e, 0x0d, 0x09, 0x25, 0x25, 0x06, 
	0x0b, 0x01, 0x00, 0x00, 0x00, 0x00, 0x00, 0x00, 
	0x00, 0x00, 0x00, 0x00, 0x00, 0x00, 0x00, 0x00, 
	0x07, 0x03, 0x06, 0x25, 0x25, 0x25, 0x25, 0x25, 
	0x25, 0x25, 0x25, 0x25, 0x25, 0x06, 0x03, 0x0a, 
	0x00, 0x00, 0x00, 0x00, 0x00, 0x00, 0x00, 0x00, 
	0x00, 0x00, 0x00, 0x00, 0x00, 0x00, 0x00, 0x00, 
	0x00, 0x00, 0x01, 0x02, 0x03, 0x04, 0x46, 0x06, 
	0x06, 0x46, 0x04, 0x03, 0x02, 0x01, 0x00, 0x00, 
	0x00, 0x00, 0x00, 0x00, 0x00, 0x00, 0x00, 0x00, 
	
};

Gfx b23_b23_ci8_pal_rgba16_aligner[] = {gsSPEndDisplayList()};
u8 b23_b23_ci8_pal_rgba16[] = {
	0x00, 0x00, 0x08, 0x00, 0x48, 0x42, 0x80, 0x83, 
	0xa8, 0x85, 0xc0, 0xc5, 0xd0, 0xc5, 0x20, 0x00, 
	0x80, 0x85, 0xd8, 0xc7, 0x18, 0x00, 0x70, 0x43, 
	0xd0, 0xc7, 0xd9, 0x4b, 0xda, 0x53, 0xe3, 0x19, 
	0xe3, 0x5b, 0xb0, 0x85, 0xd9, 0x09, 0xda, 0x95, 
	0xe5, 0x69, 0xe7, 0x39, 0xe5, 0x29, 0xd9, 0x07, 
	0x28, 0x00, 0xe5, 0xef, 0xe6, 0xb5, 0xe5, 0xad, 
	0xc8, 0xc5, 0xe3, 0x9d, 0xdd, 0xef, 0xc1, 0xcf, 
	0xb1, 0x4b, 0xe4, 0x21, 0xde, 0x31, 0xde, 0x2f, 
	0x78, 0x43, 0xd8, 0xc5, 0xda, 0xd5, 0xb9, 0x4b, 
	0xb0, 0xc7, 0xb9, 0x09, 0xb0, 0xc5, 0xb8, 0x85, 
	0xd1, 0x09, 0xd1, 0xcd, 0xc0, 0xc7, 0xe5, 0x6b, 
	0xca, 0xd7, 0xc3, 0x19, 0xd1, 0x4b, 0xe4, 0xa5, 
	0xdb, 0xdf, 0xc9, 0x09, 0xd9, 0x8d, 0xb9, 0xcd, 
	0xde, 0x73, 0xb1, 0x07, 0xe6, 0xf7, 0xdb, 0x9d, 
	0xd2, 0x95, 0xe6, 0x73, 0xc3, 0x5b, 0xc1, 0x09, 
	0xca, 0x53, 0xcb, 0x5b, 0xe4, 0xe7, 0xe6, 0xf9, 
	0xc1, 0x4b, 0xdb, 0x19, 0xc0, 0x85, 0xb1, 0x09, 
	0xdc, 0xa5, 0xd2, 0xd7, 0xd2, 0x53, 0xe6, 0x31, 
	0xcb, 0x19, 0xd3, 0x9d, 0xb8, 0xc7, 0xca, 0x11, 
	0xd3, 0x19, 0xca, 0x95, 0xd2, 0x93, 0xda, 0xd7, 
	0xb9, 0x8d, 0xe5, 0xed, 0xb9, 0x49, 0xb1, 0x8d, 
	0xdc, 0x61, 0xd3, 0x5b, 0xba, 0x51, 0xdd, 0x6b, 
	0xd4, 0xa3, 0xd4, 0xa5, 0xdd, 0x29, 0xba, 0x11, 
	0xba, 0x53, 0xdd, 0xad, 0xb1, 0xcd, 0xdc, 0xe7, 
	0xde, 0xb5, 0xc2, 0x0f, 0xd4, 0x63, 0xb1, 0x8b, 
	0xb1, 0xcf, 
};

Gfx mat_b23_f3d_material[] = {
	gsDPPipeSync(),
	gsDPSetCombineLERP(0, 0, 0, TEXEL0, 0, 0, 0, TEXEL0, 0, 0, 0, TEXEL0, 0, 0, 0, TEXEL0),
	gsSPClearGeometryMode(G_CULL_BACK),
	gsSPSetGeometryMode(G_LIGHTING),
	gsSPTexture(65535, 65535, 0, 0, 1),
	gsDPSetTextureLUT(G_TT_RGBA16),
	gsDPSetTextureImage(G_IM_FMT_RGBA, G_IM_SIZ_16b, 1, b23_b23_ci8_pal_rgba16),
	gsDPTileSync(),
	gsDPSetTile(0, 0, 0, 256, 7, 0, G_TX_WRAP | G_TX_NOMIRROR, 0, 0, G_TX_WRAP | G_TX_NOMIRROR, 0, 0),
	gsDPLoadSync(),
	gsDPLoadTLUTCmd(7, 104),
	gsDPPipeSync(),
	gsDPTileSync(),
	gsDPSetTextureImage(G_IM_FMT_CI, G_IM_SIZ_8b_LOAD_BLOCK, 1, b23_b23_ci8),
	gsDPSetTile(G_IM_FMT_CI, G_IM_SIZ_8b_LOAD_BLOCK, 0, 0, 7, 0, G_TX_CLAMP | G_TX_NOMIRROR, 5, 0, G_TX_CLAMP | G_TX_NOMIRROR, 5, 0),
	gsDPLoadSync(),
	gsDPLoadBlock(7, 0, 0, 511, 512),
	gsDPPipeSync(),
	gsDPSetTile(G_IM_FMT_CI, G_IM_SIZ_8b, 4, 0, 0, 0, G_TX_CLAMP | G_TX_NOMIRROR, 5, 0, G_TX_CLAMP | G_TX_NOMIRROR, 5, 0),
	gsDPSetTileSize(0, 0, 0, 124, 124),
    gsSPLightColor(LIGHT_1, 0xfefefeff),
    gsSPLightColor(LIGHT_2, 0x7f7f7fff),
	gsSPEndDisplayList(),
};

Gfx b23_Plane_mesh[] = {
	gsSPDisplayList(mat_b23_f3d_material),
	gsSPDisplayList(badge_textures_mesh_tri_0),
	gsSPDisplayList(badge_textures_mat_revert),
	gsDPPipeSync(),
	gsSPSetGeometryMode(G_LIGHTING),
	gsSPClearGeometryMode(G_TEXTURE_GEN),
	gsDPSetCombineLERP(0, 0, 0, SHADE, 0, 0, 0, ENVIRONMENT, 0, 0, 0, SHADE, 0, 0, 0, ENVIRONMENT),
	gsSPTexture(65535, 65535, 0, 0, 0),
	gsSPEndDisplayList(),
};

